index,name,base_name,Label Name,network,component,hemisphere,degree,strength,clustering,betweenness,global_efficiency,group,median_age,mean_age,sd_age,n_participants
1,7Networks_LH_Vis_1,7networks_lh_vis,7Networks_LH_Vis,visual,visual,L,124.0,102.70083572832928,0.20794677176139784,176556.0,-2.2778929977743096e-05,Q37,34.2,34.188,0.18241560937994103,45
2,7Networks_LH_Vis_2,7networks_lh_vis,7Networks_LH_Vis,visual,visual,L,211.0,131.91529663070438,0.2543111071284704,168636.0,-2.2778929977743096e-05,Q37,34.2,34.188,0.18241560937994103,45
3,7Networks_LH_Vis_3,7networks_lh_vis,7Networks_LH_Vis,visual,visual,L,222.0,143.32169034146784,0.2744123772783769,117393.0,-2.2778929977743096e-05,Q37,34.2,34.188,0.18241560937994103,45
4,7Networks_LH_Vis_4,7networks_lh_vis,7Networks_LH_Vis,visual,visual,L,219.0,141.59910627439507,0.2692734350671877,159475.0,-2.2778929977743096e-05,Q37,34.2,34.188,0.18241560937994103,45
5,7Networks_LH_Vis_5,7networks_lh_vis,7Networks_LH_Vis,visual,visual,L,288.0,168.49137632406553,0.3163719346789826,0.0,-2.2778929977743096e-05,Q37,34.2,34.188,0.18241560937994103,45
6,7Networks_LH_Vis_6,7networks_lh_vis,7Networks_LH_Vis,visual,visual,L,213.0,133.36009509070666,0.2718737545941812,7356.0,-2.2778929977743096e-05,Q37,34.2,34.188,0.18241560937994103,45
7,7Networks_LH_Vis_7,7networks_lh_vis,7Networks_LH_Vis,visual,visual,L,214.0,136.6244159518015,0.2731981201241395,8268.0,-2.2778929977743096e-05,Q37,34.2,34.188,0.18241560937994103,45
8,7Networks_LH_Vis_8,7networks_lh_vis,7Networks_LH_Vis,visual,visual,L,340.0,181.73333681066396,0.34105959836138405,0.0,-2.2778929977743096e-05,Q37,34.2,34.188,0.18241560937994103,45
9,7Networks_LH_Vis_9,7networks_lh_vis,7Networks_LH_Vis,visual,visual,L,286.0,163.9173613918677,0.3122468526641994,659.0,-2.2778929977743096e-05,Q37,34.2,34.188,0.18241560937994103,45
10,7Networks_LH_Vis_10,7networks_lh_vis,7Networks_LH_Vis,visual,visual,L,153.0,114.10224470524668,0.22852568043952687,78739.0,-2.2778929977743096e-05,Q37,34.2,34.188,0.18241560937994103,45
11,7Networks_LH_Vis_11,7networks_lh_vis,7Networks_LH_Vis,visual,visual,L,67.0,86.91453052805609,0.1719548021720632,176353.0,-2.2778929977743096e-05,Q37,34.2,34.188,0.18241560937994103,45
12,7Networks_LH_Vis_12,7networks_lh_vis,7Networks_LH_Vis,visual,visual,L,311.0,172.2058560185238,0.32734206952006156,0.0,-2.2778929977743096e-05,Q37,34.2,34.188,0.18241560937994103,45
13,7Networks_LH_Vis_13,7networks_lh_vis,7Networks_LH_Vis,visual,visual,L,239.0,144.7761703159966,0.2797990330208082,95519.0,-2.2778929977743096e-05,Q37,34.2,34.188,0.18241560937994103,45
14,7Networks_LH_Vis_14,7networks_lh_vis,7Networks_LH_Vis,visual,visual,L,250.0,153.3717829558612,0.2948290263400509,158738.0,-2.2778929977743096e-05,Q37,34.2,34.188,0.18241560937994103,45
15,7Networks_LH_Vis_15,7networks_lh_vis,7Networks_LH_Vis,visual,visual,L,291.0,169.1847943552707,0.3210489795765677,14.0,-2.2778929977743096e-05,Q37,34.2,34.188,0.18241560937994103,45
16,7Networks_LH_Vis_16,7networks_lh_vis,7Networks_LH_Vis,visual,visual,L,362.0,200.57403236669995,0.36487506407362563,0.0,-2.2778929977743096e-05,Q37,34.2,34.188,0.18241560937994103,45
17,7Networks_LH_Vis_17,7networks_lh_vis,7Networks_LH_Vis,visual,visual,L,296.0,173.79213350846567,0.32561543343380583,109.0,-2.2778929977743096e-05,Q37,34.2,34.188,0.18241560937994103,45
18,7Networks_LH_Vis_18,7networks_lh_vis,7Networks_LH_Vis,visual,visual,L,302.0,171.7225645089941,0.32298176124256,0.0,-2.2778929977743096e-05,Q37,34.2,34.188,0.18241560937994103,45
19,7Networks_LH_Vis_19,7networks_lh_vis,7Networks_LH_Vis,visual,visual,L,323.0,185.29486492027684,0.34315225618221695,0.0,-2.2778929977743096e-05,Q37,34.2,34.188,0.18241560937994103,45
20,7Networks_LH_Vis_20,7networks_lh_vis,7Networks_LH_Vis,visual,visual,L,234.0,145.11099407888528,0.28781222409098256,21.0,-2.2778929977743096e-05,Q37,34.2,34.188,0.18241560937994103,45
21,7Networks_LH_Vis_21,7networks_lh_vis,7Networks_LH_Vis,visual,visual,L,315.0,184.36632637485673,0.3418165098782828,0.0,-2.2778929977743096e-05,Q37,34.2,34.188,0.18241560937994103,45
22,7Networks_LH_Vis_22,7networks_lh_vis,7Networks_LH_Vis,visual,visual,L,214.0,135.90398133150467,0.27285503613114576,3729.0,-2.2778929977743096e-05,Q37,34.2,34.188,0.18241560937994103,45
23,7Networks_LH_Vis_23,7networks_lh_vis,7Networks_LH_Vis,visual,visual,L,261.0,161.63371792238303,0.30437301898371844,613.0,-2.2778929977743096e-05,Q37,34.2,34.188,0.18241560937994103,45
24,7Networks_LH_Vis_24,7networks_lh_vis,7Networks_LH_Vis,visual,visual,L,344.0,185.1598964373444,0.34431856704793495,0.0,-2.2778929977743096e-05,Q37,34.2,34.188,0.18241560937994103,45
25,7Networks_LH_Vis_25,7networks_lh_vis,7Networks_LH_Vis,visual,visual,L,348.0,189.29721946432403,0.351376297490824,0.0,-2.2778929977743096e-05,Q37,34.2,34.188,0.18241560937994103,45
26,7Networks_LH_Vis_26,7networks_lh_vis,7Networks_LH_Vis,visual,visual,L,357.0,203.5689319356167,0.3705752005424675,0.0,-2.2778929977743096e-05,Q37,34.2,34.188,0.18241560937994103,45
27,7Networks_LH_Vis_27,7networks_lh_vis,7Networks_LH_Vis,visual,visual,L,325.0,186.80255477568838,0.3452209026142332,0.0,-2.2778929977743096e-05,Q37,34.2,34.188,0.18241560937994103,45
28,7Networks_LH_Vis_28,7networks_lh_vis,7Networks_LH_Vis,visual,visual,L,289.0,167.62024809220443,0.31372529507544206,5.0,-2.2778929977743096e-05,Q37,34.2,34.188,0.18241560937994103,45
29,7Networks_LH_Vis_29,7networks_lh_vis,7Networks_LH_Vis,visual,visual,L,325.0,177.34988015241612,0.33350258761676854,0.0,-2.2778929977743096e-05,Q37,34.2,34.188,0.18241560937994103,45
30,7Networks_LH_Vis_30,7networks_lh_vis,7Networks_LH_Vis,visual,visual,L,284.0,165.92225551527562,0.316361321557269,0.0,-2.2778929977743096e-05,Q37,34.2,34.188,0.18241560937994103,45
31,7Networks_LH_Vis_31,7networks_lh_vis,7Networks_LH_Vis,visual,visual,L,342.0,184.24594036342808,0.3420384147654206,0.0,-2.2778929977743096e-05,Q37,34.2,34.188,0.18241560937994103,45
32,7Networks_LH_SomMot_1,7networks_lh_sommot,7Networks_LH_SomMot,somatomotor,somatomotor,L,350.0,191.36326327745564,0.35345361516011614,0.0,-2.2778929977743096e-05,Q37,34.2,34.188,0.18241560937994103,45
33,7Networks_LH_SomMot_2,7networks_lh_sommot,7Networks_LH_SomMot,somatomotor,somatomotor,L,345.0,201.99234190620405,0.3662853364862565,0.0,-2.2778929977743096e-05,Q37,34.2,34.188,0.18241560937994103,45
34,7Networks_LH_SomMot_3,7networks_lh_sommot,7Networks_LH_SomMot,somatomotor,somatomotor,L,355.0,211.2027010419402,0.3787318042302166,0.0,-2.2778929977743096e-05,Q37,34.2,34.188,0.18241560937994103,45
35,7Networks_LH_SomMot_4,7networks_lh_sommot,7Networks_LH_SomMot,somatomotor,somatomotor,L,318.0,184.0308460145308,0.3353544492918207,0.0,-2.2778929977743096e-05,Q37,34.2,34.188,0.18241560937994103,45
36,7Networks_LH_SomMot_5,7networks_lh_sommot,7Networks_LH_SomMot,somatomotor,somatomotor,L,289.0,167.28797218375595,0.31061404209530585,28.0,-2.2778929977743096e-05,Q37,34.2,34.188,0.18241560937994103,45
37,7Networks_LH_SomMot_6,7networks_lh_sommot,7Networks_LH_SomMot,somatomotor,somatomotor,L,317.0,176.80855653908156,0.328759597715851,59086.0,-2.2778929977743096e-05,Q37,34.2,34.188,0.18241560937994103,45
38,7Networks_LH_SomMot_7,7networks_lh_sommot,7Networks_LH_SomMot,somatomotor,somatomotor,L,302.0,178.06228507245504,0.3295529747859997,0.0,-2.2778929977743096e-05,Q37,34.2,34.188,0.18241560937994103,45
39,7Networks_LH_SomMot_8,7networks_lh_sommot,7Networks_LH_SomMot,somatomotor,somatomotor,L,301.0,174.07548364917042,0.3222555383403296,1.0,-2.2778929977743096e-05,Q37,34.2,34.188,0.18241560937994103,45
40,7Networks_LH_SomMot_9,7networks_lh_sommot,7Networks_LH_SomMot,somatomotor,somatomotor,L,295.0,162.45814698404536,0.30816210327023025,4.0,-2.2778929977743096e-05,Q37,34.2,34.188,0.18241560937994103,45
41,7Networks_LH_SomMot_10,7networks_lh_sommot,7Networks_LH_SomMot,somatomotor,somatomotor,L,260.0,164.8933924399346,0.3018048801658887,8804.0,-2.2778929977743096e-05,Q37,34.2,34.188,0.18241560937994103,45
42,7Networks_LH_SomMot_11,7networks_lh_sommot,7Networks_LH_SomMot,somatomotor,somatomotor,L,183.0,123.7081458934253,0.2424171503052869,194683.0,-2.2778929977743096e-05,Q37,34.2,34.188,0.18241560937994103,45
43,7Networks_LH_SomMot_12,7networks_lh_sommot,7Networks_LH_SomMot,somatomotor,somatomotor,L,285.0,160.76827896388644,0.31031738395566083,316.0,-2.2778929977743096e-05,Q37,34.2,34.188,0.18241560937994103,45
44,7Networks_LH_SomMot_13,7networks_lh_sommot,7Networks_LH_SomMot,somatomotor,somatomotor,L,341.0,193.34350253050022,0.35405293670414,0.0,-2.2778929977743096e-05,Q37,34.2,34.188,0.18241560937994103,45
45,7Networks_LH_SomMot_14,7networks_lh_sommot,7Networks_LH_SomMot,somatomotor,somatomotor,L,259.0,157.18928425338035,0.2940246597135872,11499.0,-2.2778929977743096e-05,Q37,34.2,34.188,0.18241560937994103,45
46,7Networks_LH_SomMot_15,7networks_lh_sommot,7Networks_LH_SomMot,somatomotor,somatomotor,L,269.0,155.8394615848763,0.30149394635120264,608.0,-2.2778929977743096e-05,Q37,34.2,34.188,0.18241560937994103,45
47,7Networks_LH_SomMot_16,7networks_lh_sommot,7Networks_LH_SomMot,somatomotor,somatomotor,L,327.0,182.72332788762807,0.3366071220059053,0.0,-2.2778929977743096e-05,Q37,34.2,34.188,0.18241560937994103,45
48,7Networks_LH_SomMot_17,7networks_lh_sommot,7Networks_LH_SomMot,somatomotor,somatomotor,L,330.0,198.36169026678644,0.3577911995479838,0.0,-2.2778929977743096e-05,Q37,34.2,34.188,0.18241560937994103,45
49,7Networks_LH_SomMot_18,7networks_lh_sommot,7Networks_LH_SomMot,somatomotor,somatomotor,L,340.0,193.96628132498373,0.35478475084778277,0.0,-2.2778929977743096e-05,Q37,34.2,34.188,0.18241560937994103,45
50,7Networks_LH_SomMot_19,7networks_lh_sommot,7Networks_LH_SomMot,somatomotor,somatomotor,L,369.0,217.45046424600082,0.38837869035695183,0.0,-2.2778929977743096e-05,Q37,34.2,34.188,0.18241560937994103,45
51,7Networks_LH_SomMot_20,7networks_lh_sommot,7Networks_LH_SomMot,somatomotor,somatomotor,L,326.0,176.36038046406253,0.3259242226025019,953.0,-2.2778929977743096e-05,Q37,34.2,34.188,0.18241560937994103,45
52,7Networks_LH_SomMot_21,7networks_lh_sommot,7Networks_LH_SomMot,somatomotor,somatomotor,L,254.0,160.93690559699328,0.3028218846007191,0.0,-2.2778929977743096e-05,Q37,34.2,34.188,0.18241560937994103,45
53,7Networks_LH_SomMot_22,7networks_lh_sommot,7Networks_LH_SomMot,somatomotor,somatomotor,L,322.0,186.0453362456889,0.34231098148517936,0.0,-2.2778929977743096e-05,Q37,34.2,34.188,0.18241560937994103,45
54,7Networks_LH_SomMot_23,7networks_lh_sommot,7Networks_LH_SomMot,somatomotor,somatomotor,L,321.0,187.89317490262903,0.34509415204989513,0.0,-2.2778929977743096e-05,Q37,34.2,34.188,0.18241560937994103,45
55,7Networks_LH_SomMot_24,7networks_lh_sommot,7Networks_LH_SomMot,somatomotor,somatomotor,L,270.0,163.00235441827044,0.31405049712047295,0.0,-2.2778929977743096e-05,Q37,34.2,34.188,0.18241560937994103,45
56,7Networks_LH_SomMot_25,7networks_lh_sommot,7Networks_LH_SomMot,somatomotor,somatomotor,L,175.0,125.13282457732205,0.25160377660481764,121201.0,-2.2778929977743096e-05,Q37,34.2,34.188,0.18241560937994103,45
57,7Networks_LH_SomMot_26,7networks_lh_sommot,7Networks_LH_SomMot,somatomotor,somatomotor,L,341.0,193.97189628284437,0.3535430459943379,0.0,-2.2778929977743096e-05,Q37,34.2,34.188,0.18241560937994103,45
58,7Networks_LH_SomMot_27,7networks_lh_sommot,7Networks_LH_SomMot,somatomotor,somatomotor,L,275.0,159.23475160073895,0.30856898991208676,2.0,-2.2778929977743096e-05,Q37,34.2,34.188,0.18241560937994103,45
59,7Networks_LH_SomMot_28,7networks_lh_sommot,7Networks_LH_SomMot,somatomotor,somatomotor,L,363.0,204.0856109024935,0.37017409588263844,0.0,-2.2778929977743096e-05,Q37,34.2,34.188,0.18241560937994103,45
60,7Networks_LH_SomMot_29,7networks_lh_sommot,7Networks_LH_SomMot,somatomotor,somatomotor,L,293.0,161.16224053029734,0.30553142481323475,7628.0,-2.2778929977743096e-05,Q37,34.2,34.188,0.18241560937994103,45
61,7Networks_LH_SomMot_30,7networks_lh_sommot,7Networks_LH_SomMot,somatomotor,somatomotor,L,260.0,149.42715806067847,0.29306805835970534,122.0,-2.2778929977743096e-05,Q37,34.2,34.188,0.18241560937994103,45
62,7Networks_LH_SomMot_31,7networks_lh_sommot,7Networks_LH_SomMot,somatomotor,somatomotor,L,277.0,159.62592810201656,0.30822098782261276,20.0,-2.2778929977743096e-05,Q37,34.2,34.188,0.18241560937994103,45
63,7Networks_LH_SomMot_32,7networks_lh_sommot,7Networks_LH_SomMot,somatomotor,somatomotor,L,233.0,140.5314311377598,0.27670021815507473,34734.0,-2.2778929977743096e-05,Q37,34.2,34.188,0.18241560937994103,45
64,7Networks_LH_SomMot_33,7networks_lh_sommot,7Networks_LH_SomMot,somatomotor,somatomotor,L,231.0,139.80741097799805,0.27294501553315426,142052.0,-2.2778929977743096e-05,Q37,34.2,34.188,0.18241560937994103,45
65,7Networks_LH_SomMot_34,7networks_lh_sommot,7Networks_LH_SomMot,somatomotor,somatomotor,L,188.0,126.48568641305347,0.23626411831238284,172027.0,-2.2778929977743096e-05,Q37,34.2,34.188,0.18241560937994103,45
66,7Networks_LH_SomMot_35,7networks_lh_sommot,7Networks_LH_SomMot,somatomotor,somatomotor,L,372.0,202.71366378888348,0.3714891865214388,0.0,-2.2778929977743096e-05,Q37,34.2,34.188,0.18241560937994103,45
67,7Networks_LH_SomMot_36,7networks_lh_sommot,7Networks_LH_SomMot,somatomotor,somatomotor,L,230.0,145.53387149749443,0.2807635138077591,9326.0,-2.2778929977743096e-05,Q37,34.2,34.188,0.18241560937994103,45
68,7Networks_LH_SomMot_37,7networks_lh_sommot,7Networks_LH_SomMot,somatomotor,somatomotor,L,245.0,147.88819997559565,0.28416278128955746,368.0,-2.2778929977743096e-05,Q37,34.2,34.188,0.18241560937994103,45
69,7Networks_LH_DorsAttn_Post_1,7networks_lh_dorsattn_post,7Networks_LH_DorsAttn_Post,dorsal attention,posterior,L,316.0,172.57281952703337,0.3269335533064931,0.0,-2.2778929977743096e-05,Q37,34.2,34.188,0.18241560937994103,45
70,7Networks_LH_DorsAttn_Post_2,7networks_lh_dorsattn_post,7Networks_LH_DorsAttn_Post,dorsal attention,posterior,L,254.0,154.12319992690422,0.29029743356107895,24540.0,-2.2778929977743096e-05,Q37,34.2,34.188,0.18241560937994103,45
71,7Networks_LH_DorsAttn_Post_3,7networks_lh_dorsattn_post,7Networks_LH_DorsAttn_Post,dorsal attention,posterior,L,349.0,197.8307208000219,0.36015345234315527,0.0,-2.2778929977743096e-05,Q37,34.2,34.188,0.18241560937994103,45
72,7Networks_LH_DorsAttn_Post_4,7networks_lh_dorsattn_post,7Networks_LH_DorsAttn_Post,dorsal attention,posterior,L,295.0,167.62175983708937,0.31652457587739474,12.0,-2.2778929977743096e-05,Q37,34.2,34.188,0.18241560937994103,45
73,7Networks_LH_DorsAttn_Post_5,7networks_lh_dorsattn_post,7Networks_LH_DorsAttn_Post,dorsal attention,posterior,L,333.0,198.95130196749116,0.3621065466495676,0.0,-2.2778929977743096e-05,Q37,34.2,34.188,0.18241560937994103,45
74,7Networks_LH_DorsAttn_Post_6,7networks_lh_dorsattn_post,7Networks_LH_DorsAttn_Post,dorsal attention,posterior,L,366.0,208.620359553643,0.3764980606798384,0.0,-2.2778929977743096e-05,Q37,34.2,34.188,0.18241560937994103,45
75,7Networks_LH_DorsAttn_Post_7,7networks_lh_dorsattn_post,7Networks_LH_DorsAttn_Post,dorsal attention,posterior,L,322.0,182.943708277104,0.3374671987182458,0.0,-2.2778929977743096e-05,Q37,34.2,34.188,0.18241560937994103,45
76,7Networks_LH_DorsAttn_Post_8,7networks_lh_dorsattn_post,7Networks_LH_DorsAttn_Post,dorsal attention,posterior,L,359.0,210.7092783595998,0.3782958522037502,0.0,-2.2778929977743096e-05,Q37,34.2,34.188,0.18241560937994103,45
77,7Networks_LH_DorsAttn_Post_9,7networks_lh_dorsattn_post,7Networks_LH_DorsAttn_Post,dorsal attention,posterior,L,267.0,157.7381670794683,0.2828891678395302,130320.0,-2.2778929977743096e-05,Q37,34.2,34.188,0.18241560937994103,45
78,7Networks_LH_DorsAttn_Post_10,7networks_lh_dorsattn_post,7Networks_LH_DorsAttn_Post,dorsal attention,posterior,L,260.0,148.30412268507345,0.2747153443770184,183421.0,-2.2778929977743096e-05,Q37,34.2,34.188,0.18241560937994103,45
79,7Networks_LH_DorsAttn_Post_11,7networks_lh_dorsattn_post,7Networks_LH_DorsAttn_Post,dorsal attention,posterior,L,346.0,198.16207584016746,0.3627339893713678,0.0,-2.2778929977743096e-05,Q37,34.2,34.188,0.18241560937994103,45
80,7Networks_LH_DorsAttn_Post_12,7networks_lh_dorsattn_post,7Networks_LH_DorsAttn_Post,dorsal attention,posterior,L,248.0,144.8694534265309,0.27320917766727676,60217.0,-2.2778929977743096e-05,Q37,34.2,34.188,0.18241560937994103,45
81,7Networks_LH_DorsAttn_Post_13,7networks_lh_dorsattn_post,7Networks_LH_DorsAttn_Post,dorsal attention,posterior,L,255.0,154.2555887419462,0.28634709151457177,23001.0,-2.2778929977743096e-05,Q37,34.2,34.188,0.18241560937994103,45
82,7Networks_LH_DorsAttn_Post_14,7networks_lh_dorsattn_post,7Networks_LH_DorsAttn_Post,dorsal attention,posterior,L,139.0,106.47679585481768,0.2191706084019367,197705.0,-2.2778929977743096e-05,Q37,34.2,34.188,0.18241560937994103,45
83,7Networks_LH_DorsAttn_Post_15,7networks_lh_dorsattn_post,7Networks_LH_DorsAttn_Post,dorsal attention,posterior,L,253.0,141.76371336571765,0.2661458650787845,189016.0,-2.2778929977743096e-05,Q37,34.2,34.188,0.18241560937994103,45
84,7Networks_LH_DorsAttn_Post_16,7networks_lh_dorsattn_post,7Networks_LH_DorsAttn_Post,dorsal attention,posterior,L,312.0,174.0071496094803,0.32451115864493085,11.0,-2.2778929977743096e-05,Q37,34.2,34.188,0.18241560937994103,45
85,7Networks_LH_DorsAttn_Post_17,7networks_lh_dorsattn_post,7Networks_LH_DorsAttn_Post,dorsal attention,posterior,L,101.0,87.10874265084871,0.13497579591703235,160496.0,-2.2778929977743096e-05,Q37,34.2,34.188,0.18241560937994103,45
86,7Networks_LH_DorsAttn_FEF_1,7networks_lh_dorsattn_fef,7Networks_LH_DorsAttn_FEF,dorsal attention,frontal eye fields,L,341.0,184.18661500845593,0.34413572274664883,0.0,-2.2778929977743096e-05,Q37,34.2,34.188,0.18241560937994103,45
87,7Networks_LH_DorsAttn_FEF_2,7networks_lh_dorsattn_fef,7Networks_LH_DorsAttn_FEF,dorsal attention,frontal eye fields,L,257.0,151.70964272070069,0.2930173529558416,124.0,-2.2778929977743096e-05,Q37,34.2,34.188,0.18241560937994103,45
88,7Networks_LH_DorsAttn_FEF_3,7networks_lh_dorsattn_fef,7Networks_LH_DorsAttn_FEF,dorsal attention,frontal eye fields,L,333.0,199.28590782404882,0.362149314126019,0.0,-2.2778929977743096e-05,Q37,34.2,34.188,0.18241560937994103,45
89,7Networks_LH_DorsAttn_FEF_4,7networks_lh_dorsattn_fef,7Networks_LH_DorsAttn_FEF,dorsal attention,frontal eye fields,L,201.0,134.3677529698971,0.2629402958460426,144779.0,-2.2778929977743096e-05,Q37,34.2,34.188,0.18241560937994103,45
90,7Networks_LH_DorsAttn_PrCv_1,7networks_lh_dorsattn_prcv,7Networks_LH_DorsAttn_PrCv,dorsal attention,precentral ventral,L,360.0,196.33098505228742,0.3608558092387222,0.0,-2.2778929977743096e-05,Q37,34.2,34.188,0.18241560937994103,45
91,7Networks_LH_DorsAttn_PrCv_2,7networks_lh_dorsattn_prcv,7Networks_LH_DorsAttn_PrCv,dorsal attention,precentral ventral,L,212.0,138.4919074229208,0.2674262941295287,115982.0,-2.2778929977743096e-05,Q37,34.2,34.188,0.18241560937994103,45
92,7Networks_LH_SalVentAttn_ParOper_1,7networks_lh_salventattn_paroper,7Networks_LH_SalVentAttn_ParOper,salience / ventral attention,parietal operculum,L,279.0,170.58705526046725,0.30453135789957586,9617.0,-2.2778929977743096e-05,Q37,34.2,34.188,0.18241560937994103,45
93,7Networks_LH_SalVentAttn_ParOper_2,7networks_lh_salventattn_paroper,7Networks_LH_SalVentAttn_ParOper,salience / ventral attention,parietal operculum,L,323.0,188.79429789224602,0.3466045139153769,0.0,-2.2778929977743096e-05,Q37,34.2,34.188,0.18241560937994103,45
94,7Networks_LH_SalVentAttn_ParOper_3,7networks_lh_salventattn_paroper,7Networks_LH_SalVentAttn_ParOper,salience / ventral attention,parietal operculum,L,330.0,182.7827446527446,0.3401328443933516,0.0,-2.2778929977743096e-05,Q37,34.2,34.188,0.18241560937994103,45
95,7Networks_LH_SalVentAttn_ParOper_4,7networks_lh_salventattn_paroper,7Networks_LH_SalVentAttn_ParOper,salience / ventral attention,parietal operculum,L,314.0,175.48250365098735,0.3264182070406596,2.0,-2.2778929977743096e-05,Q37,34.2,34.188,0.18241560937994103,45
96,7Networks_LH_SalVentAttn_TempOcc_1,7networks_lh_salventattn_tempocc,7Networks_LH_SalVentAttn_TempOcc,salience / ventral attention,temporal occipital,L,297.0,167.37973019483823,0.31339306717347454,3994.0,-2.2778929977743096e-05,Q37,34.2,34.188,0.18241560937994103,45
97,7Networks_LH_SalVentAttn_FrOperIns_1,7networks_lh_salventattn_froperins,7Networks_LH_SalVentAttn_FrOperIns,salience / ventral attention,frontal operculum insula,L,320.0,179.75588633706715,0.33945331466657663,0.0,-2.2778929977743096e-05,Q37,34.2,34.188,0.18241560937994103,45
98,7Networks_LH_SalVentAttn_FrOperIns_2,7networks_lh_salventattn_froperins,7Networks_LH_SalVentAttn_FrOperIns,salience / ventral attention,frontal operculum insula,L,270.0,162.86592333376566,0.3107646590483687,0.0,-2.2778929977743096e-05,Q37,34.2,34.188,0.18241560937994103,45
99,7Networks_LH_SalVentAttn_FrOperIns_3,7networks_lh_salventattn_froperins,7Networks_LH_SalVentAttn_FrOperIns,salience / ventral attention,frontal operculum insula,L,290.0,162.9549100726004,0.3108432456391458,85.0,-2.2778929977743096e-05,Q37,34.2,34.188,0.18241560937994103,45
100,7Networks_LH_SalVentAttn_FrOperIns_4,7networks_lh_salventattn_froperins,7Networks_LH_SalVentAttn_FrOperIns,salience / ventral attention,frontal operculum insula,L,352.0,193.86942652100868,0.35735656977113517,0.0,-2.2778929977743096e-05,Q37,34.2,34.188,0.18241560937994103,45
101,7Networks_LH_SalVentAttn_FrOperIns_5,7networks_lh_salventattn_froperins,7Networks_LH_SalVentAttn_FrOperIns,salience / ventral attention,frontal operculum insula,L,290.0,164.72406439808702,0.30911400318112625,72086.0,-2.2778929977743096e-05,Q37,34.2,34.188,0.18241560937994103,45
102,7Networks_LH_SalVentAttn_FrOperIns_6,7networks_lh_salventattn_froperins,7Networks_LH_SalVentAttn_FrOperIns,salience / ventral attention,frontal operculum insula,L,324.0,181.09466864697015,0.33635556978943765,0.0,-2.2778929977743096e-05,Q37,34.2,34.188,0.18241560937994103,45
103,7Networks_LH_SalVentAttn_FrOperIns_7,7networks_lh_salventattn_froperins,7Networks_LH_SalVentAttn_FrOperIns,salience / ventral attention,frontal operculum insula,L,188.0,121.53043434621267,0.23505266932538557,144239.0,-2.2778929977743096e-05,Q37,34.2,34.188,0.18241560937994103,45
104,7Networks_LH_SalVentAttn_FrOperIns_8,7networks_lh_salventattn_froperins,7Networks_LH_SalVentAttn_FrOperIns,salience / ventral attention,frontal operculum insula,L,315.0,177.34166915615882,0.33188761643458947,0.0,-2.2778929977743096e-05,Q37,34.2,34.188,0.18241560937994103,45
105,7Networks_LH_SalVentAttn_FrOperIns_9,7networks_lh_salventattn_froperins,7Networks_LH_SalVentAttn_FrOperIns,salience / ventral attention,frontal operculum insula,L,331.0,181.83269884237177,0.33610272027171834,0.0,-2.2778929977743096e-05,Q37,34.2,34.188,0.18241560937994103,45
106,7Networks_LH_SalVentAttn_PFCl_1,7networks_lh_salventattn_pfcl,7Networks_LH_SalVentAttn_PFCl,salience / ventral attention,lateral prefrontal cortex,L,314.0,178.33790723372647,0.3339042272156371,0.0,-2.2778929977743096e-05,Q37,34.2,34.188,0.18241560937994103,45
107,7Networks_LH_SalVentAttn_Med_1,7networks_lh_salventattn_med,7Networks_LH_SalVentAttn_Med,salience / ventral attention,medial,L,310.0,187.51153991134362,0.3439687495057096,1.0,-2.2778929977743096e-05,Q37,34.2,34.188,0.18241560937994103,45
108,7Networks_LH_SalVentAttn_Med_2,7networks_lh_salventattn_med,7Networks_LH_SalVentAttn_Med,salience / ventral attention,medial,L,262.0,162.19125799176754,0.3070909760243747,27576.0,-2.2778929977743096e-05,Q37,34.2,34.188,0.18241560937994103,45
109,7Networks_LH_SalVentAttn_Med_3,7networks_lh_salventattn_med,7Networks_LH_SalVentAttn_Med,salience / ventral attention,medial,L,366.0,214.12581974901696,0.3829309943459839,0.0,-2.2778929977743096e-05,Q37,34.2,34.188,0.18241560937994103,45
110,7Networks_LH_SalVentAttn_Med_4,7networks_lh_salventattn_med,7Networks_LH_SalVentAttn_Med,salience / ventral attention,medial,L,337.0,193.77416153115698,0.35787395341463696,0.0,-2.2778929977743096e-05,Q37,34.2,34.188,0.18241560937994103,45
111,7Networks_LH_SalVentAttn_Med_5,7networks_lh_salventattn_med,7Networks_LH_SalVentAttn_Med,salience / ventral attention,medial,L,380.0,223.37483664586065,0.3963436660878073,0.0,-2.2778929977743096e-05,Q37,34.2,34.188,0.18241560937994103,45
112,7Networks_LH_SalVentAttn_Med_6,7networks_lh_salventattn_med,7Networks_LH_SalVentAttn_Med,salience / ventral attention,medial,L,376.0,206.18756861528058,0.3734660044181729,0.0,-2.2778929977743096e-05,Q37,34.2,34.188,0.18241560937994103,45
113,7Networks_LH_SalVentAttn_Med_7,7networks_lh_salventattn_med,7Networks_LH_SalVentAttn_Med,salience / ventral attention,medial,L,45.0,45.659149395758504,0.046065331830858126,183682.0,-2.2778929977743096e-05,Q37,34.2,34.188,0.18241560937994103,45
114,7Networks_LH_Limbic_OFC_1,7networks_lh_limbic_ofc,7Networks_LH_Limbic_OFC,limbic,orbital frontal cortex,L,58.0,83.66454816340314,0.16904939472394712,189452.0,-2.2778929977743096e-05,Q37,34.2,34.188,0.18241560937994103,45
115,7Networks_LH_Limbic_OFC_2,7networks_lh_limbic_ofc,7Networks_LH_Limbic_OFC,limbic,orbital frontal cortex,L,97.0,98.28463646411679,0.1872353191651569,161326.0,-2.2778929977743096e-05,Q37,34.2,34.188,0.18241560937994103,45
116,7Networks_LH_Limbic_OFC_3,7networks_lh_limbic_ofc,7Networks_LH_Limbic_OFC,limbic,orbital frontal cortex,L,94.0,87.07442476963477,0.17230867453974744,194197.0,-2.2778929977743096e-05,Q37,34.2,34.188,0.18241560937994103,45
117,7Networks_LH_Limbic_OFC_4,7networks_lh_limbic_ofc,7Networks_LH_Limbic_OFC,limbic,orbital frontal cortex,L,58.0,81.46253643939897,0.1696702427926796,171211.0,-2.2778929977743096e-05,Q37,34.2,34.188,0.18241560937994103,45
118,7Networks_LH_Limbic_OFC_5,7networks_lh_limbic_ofc,7Networks_LH_Limbic_OFC,limbic,orbital frontal cortex,L,130.0,103.70139141627236,0.21027643440263266,132983.0,-2.2778929977743096e-05,Q37,34.2,34.188,0.18241560937994103,45
119,7Networks_LH_Limbic_TempPole_1,7networks_lh_limbic_temppole,7Networks_LH_Limbic_TempPole,limbic,temporal pole,L,33.0,74.86277772784707,0.16725805892134002,169434.0,-2.2778929977743096e-05,Q37,34.2,34.188,0.18241560937994103,45
120,7Networks_LH_Limbic_TempPole_2,7networks_lh_limbic_temppole,7Networks_LH_Limbic_TempPole,limbic,temporal pole,L,30.0,61.86030251669352,0.10913255540327337,176574.0,-2.2778929977743096e-05,Q37,34.2,34.188,0.18241560937994103,45
121,7Networks_LH_Limbic_TempPole_3,7networks_lh_limbic_temppole,7Networks_LH_Limbic_TempPole,limbic,temporal pole,L,47.0,73.86187446251787,0.1386892606473619,162135.0,-2.2778929977743096e-05,Q37,34.2,34.188,0.18241560937994103,45
122,7Networks_LH_Limbic_TempPole_4,7networks_lh_limbic_temppole,7Networks_LH_Limbic_TempPole,limbic,temporal pole,L,61.0,83.93947058801793,0.16233964658502806,161842.0,-2.2778929977743096e-05,Q37,34.2,34.188,0.18241560937994103,45
123,7Networks_LH_Limbic_TempPole_5,7networks_lh_limbic_temppole,7Networks_LH_Limbic_TempPole,limbic,temporal pole,L,65.0,72.04455175903352,0.12936436007760307,165393.0,-2.2778929977743096e-05,Q37,34.2,34.188,0.18241560937994103,45
124,7Networks_LH_Limbic_TempPole_6,7networks_lh_limbic_temppole,7Networks_LH_Limbic_TempPole,limbic,temporal pole,L,238.0,143.83550593873417,0.2787841001668435,5064.0,-2.2778929977743096e-05,Q37,34.2,34.188,0.18241560937994103,45
125,7Networks_LH_Limbic_TempPole_7,7networks_lh_limbic_temppole,7Networks_LH_Limbic_TempPole,limbic,temporal pole,L,213.0,136.98500318797807,0.27001488029108367,179927.0,-2.2778929977743096e-05,Q37,34.2,34.188,0.18241560937994103,45
126,7Networks_LH_Limbic_TempPole_8,7networks_lh_limbic_temppole,7Networks_LH_Limbic_TempPole,limbic,temporal pole,L,218.0,136.52952841311838,0.26899921113909886,880.0,-2.2778929977743096e-05,Q37,34.2,34.188,0.18241560937994103,45
127,7Networks_LH_Cont_Par_1,7networks_lh_cont_par,7Networks_LH_Cont_Par,control,parietal ,L,294.0,169.25213988533233,0.314582375168158,11.0,-2.2778929977743096e-05,Q37,34.2,34.188,0.18241560937994103,45
128,7Networks_LH_Cont_Par_2,7networks_lh_cont_par,7Networks_LH_Cont_Par,control,parietal ,L,241.0,145.80623385352305,0.2761818473043835,117947.0,-2.2778929977743096e-05,Q37,34.2,34.188,0.18241560937994103,45
129,7Networks_LH_Cont_Par_3,7networks_lh_cont_par,7Networks_LH_Cont_Par,control,parietal ,L,319.0,174.23535623661414,0.32896517052681556,0.0,-2.2778929977743096e-05,Q37,34.2,34.188,0.18241560937994103,45
130,7Networks_LH_Cont_Par_4,7networks_lh_cont_par,7Networks_LH_Cont_Par,control,parietal ,L,296.0,173.65959169429541,0.32345099315589254,1023.0,-2.2778929977743096e-05,Q37,34.2,34.188,0.18241560937994103,45
131,7Networks_LH_Cont_Par_5,7networks_lh_cont_par,7Networks_LH_Cont_Par,control,parietal ,L,341.0,188.0701895906841,0.3510815104196732,0.0,-2.2778929977743096e-05,Q37,34.2,34.188,0.18241560937994103,45
132,7Networks_LH_Cont_Par_6,7networks_lh_cont_par,7Networks_LH_Cont_Par,control,parietal ,L,308.0,174.0996993373311,0.32664798202539147,0.0,-2.2778929977743096e-05,Q37,34.2,34.188,0.18241560937994103,45
133,7Networks_LH_Cont_Temp_1,7networks_lh_cont_temp,7Networks_LH_Cont_Temp,control,temporal,L,316.0,178.21579806602807,0.3323301135604515,0.0,-2.2778929977743096e-05,Q37,34.2,34.188,0.18241560937994103,45
134,7Networks_LH_Cont_OFC_1,7networks_lh_cont_ofc,7Networks_LH_Cont_OFC,control,orbital frontal cortex,L,258.0,153.26743511664336,0.2958984152801699,111.0,-2.2778929977743096e-05,Q37,34.2,34.188,0.18241560937994103,45
135,7Networks_LH_Cont_PFCl_1,7networks_lh_cont_pfcl,7Networks_LH_Cont_PFCl,control,lateral prefrontal cortex,L,282.0,166.58426254687802,0.3144572625929895,0.0,-2.2778929977743096e-05,Q37,34.2,34.188,0.18241560937994103,45
136,7Networks_LH_Cont_PFCl_2,7networks_lh_cont_pfcl,7Networks_LH_Cont_PFCl,control,lateral prefrontal cortex,L,360.0,195.9226211987632,0.35883298654844964,0.0,-2.2778929977743096e-05,Q37,34.2,34.188,0.18241560937994103,45
137,7Networks_LH_Cont_PFCl_3,7networks_lh_cont_pfcl,7Networks_LH_Cont_PFCl,control,lateral prefrontal cortex,L,342.0,189.89547501634755,0.3500754988552211,0.0,-2.2778929977743096e-05,Q37,34.2,34.188,0.18241560937994103,45
138,7Networks_LH_Cont_PFCl_4,7networks_lh_cont_pfcl,7Networks_LH_Cont_PFCl,control,lateral prefrontal cortex,L,355.0,198.61214963813018,0.3591050000442161,0.0,-2.2778929977743096e-05,Q37,34.2,34.188,0.18241560937994103,45
139,7Networks_LH_Cont_PFCl_5,7networks_lh_cont_pfcl,7Networks_LH_Cont_PFCl,control,lateral prefrontal cortex,L,328.0,183.82388205501698,0.3403330623792964,0.0,-2.2778929977743096e-05,Q37,34.2,34.188,0.18241560937994103,45
140,7Networks_LH_Cont_PFCl_6,7networks_lh_cont_pfcl,7Networks_LH_Cont_PFCl,control,lateral prefrontal cortex,L,220.0,141.12594046603286,0.2736920386722688,30703.0,-2.2778929977743096e-05,Q37,34.2,34.188,0.18241560937994103,45
141,7Networks_LH_Cont_PFCl_7,7networks_lh_cont_pfcl,7Networks_LH_Cont_PFCl,control,lateral prefrontal cortex,L,312.0,177.37524000724548,0.3323940000872386,0.0,-2.2778929977743096e-05,Q37,34.2,34.188,0.18241560937994103,45
142,7Networks_LH_Cont_PFCl_8,7networks_lh_cont_pfcl,7Networks_LH_Cont_PFCl,control,lateral prefrontal cortex,L,242.0,142.0202784414043,0.27811396372429326,20331.0,-2.2778929977743096e-05,Q37,34.2,34.188,0.18241560937994103,45
143,7Networks_LH_Cont_PFCv_1,7networks_lh_cont_pfcv,7Networks_LH_Cont_PFCv,control,ventral prefrontal cortex,L,84.0,90.95380358442378,0.18573695518968933,133008.0,-2.2778929977743096e-05,Q37,34.2,34.188,0.18241560937994103,45
144,7Networks_LH_Cont_pCun_1,7networks_lh_cont_pcun,7Networks_LH_Cont_pCun,control,precuneus,L,171.0,108.88037952260731,0.21408039789230507,200771.0,-2.2778929977743096e-05,Q37,34.2,34.188,0.18241560937994103,45
145,7Networks_LH_Cont_pCun_2,7networks_lh_cont_pcun,7Networks_LH_Cont_pCun,control,precuneus,L,247.0,147.00326832383138,0.2839479603309612,32001.0,-2.2778929977743096e-05,Q37,34.2,34.188,0.18241560937994103,45
146,7Networks_LH_Cont_Cing_1,7networks_lh_cont_cing,7Networks_LH_Cont_Cing,control,cingulate,L,282.0,166.02900817118822,0.31654271077999774,153.0,-2.2778929977743096e-05,Q37,34.2,34.188,0.18241560937994103,45
147,7Networks_LH_Cont_Cing_2,7networks_lh_cont_cing,7Networks_LH_Cont_Cing,control,cingulate,L,330.0,178.65112504530504,0.3357202330126585,0.0,-2.2778929977743096e-05,Q37,34.2,34.188,0.18241560937994103,45
148,7Networks_LH_Cont_PFCmp_1,7networks_lh_cont_pfcmp,7Networks_LH_Cont_PFCmp,control,medial posterior prefrontal cortex,L,211.0,136.42447054376817,0.2760341919230731,23552.0,-2.2778929977743096e-05,Q37,34.2,34.188,0.18241560937994103,45
149,7Networks_LH_Default_Temp_1,7networks_lh_default_temp,7Networks_LH_Default_Temp,default,temporal,L,186.0,125.72182612764526,0.2512940549123333,84843.0,-2.2778929977743096e-05,Q37,34.2,34.188,0.18241560937994103,45
150,7Networks_LH_Default_Temp_2,7networks_lh_default_temp,7Networks_LH_Default_Temp,default,temporal,L,237.0,143.2531839108729,0.2871603738589169,13.0,-2.2778929977743096e-05,Q37,34.2,34.188,0.18241560937994103,45
151,7Networks_LH_Default_Temp_3,7networks_lh_default_temp,7Networks_LH_Default_Temp,default,temporal,L,320.0,167.55163963980036,0.3202232601637191,36.0,-2.2778929977743096e-05,Q37,34.2,34.188,0.18241560937994103,45
152,7Networks_LH_Default_Temp_4,7networks_lh_default_temp,7Networks_LH_Default_Temp,default,temporal,L,352.0,188.97501243686455,0.34694966309827074,0.0,-2.2778929977743096e-05,Q37,34.2,34.188,0.18241560937994103,45
153,7Networks_LH_Default_Temp_5,7networks_lh_default_temp,7Networks_LH_Default_Temp,default,temporal,L,331.0,182.99013638676752,0.33767045158780173,0.0,-2.2778929977743096e-05,Q37,34.2,34.188,0.18241560937994103,45
154,7Networks_LH_Default_Temp_6,7networks_lh_default_temp,7Networks_LH_Default_Temp,default,temporal,L,336.0,187.7753662531463,0.3465658958535097,0.0,-2.2778929977743096e-05,Q37,34.2,34.188,0.18241560937994103,45
155,7Networks_LH_Default_Temp_7,7networks_lh_default_temp,7Networks_LH_Default_Temp,default,temporal,L,360.0,199.78986783753018,0.3677594443121873,0.0,-2.2778929977743096e-05,Q37,34.2,34.188,0.18241560937994103,45
156,7Networks_LH_Default_Temp_8,7networks_lh_default_temp,7Networks_LH_Default_Temp,default,temporal,L,325.0,176.82069862549133,0.3340721794575727,0.0,-2.2778929977743096e-05,Q37,34.2,34.188,0.18241560937994103,45
157,7Networks_LH_Default_Temp_9,7networks_lh_default_temp,7Networks_LH_Default_Temp,default,temporal,L,316.0,177.3679635131952,0.3295241829410997,0.0,-2.2778929977743096e-05,Q37,34.2,34.188,0.18241560937994103,45
158,7Networks_LH_Default_Temp_10,7networks_lh_default_temp,7Networks_LH_Default_Temp,default,temporal,L,230.0,136.67997907563338,0.26390100407781314,111795.0,-2.2778929977743096e-05,Q37,34.2,34.188,0.18241560937994103,45
159,7Networks_LH_Default_Par_1,7networks_lh_default_par,7Networks_LH_Default_Par,default,parietal,L,296.0,162.91277038871357,0.3070757294456223,161645.0,-2.2778929977743096e-05,Q37,34.2,34.188,0.18241560937994103,45
160,7Networks_LH_Default_Par_2,7networks_lh_default_par,7Networks_LH_Default_Par,default,parietal,L,219.0,131.3698218377593,0.254955897195202,175003.0,-2.2778929977743096e-05,Q37,34.2,34.188,0.18241560937994103,45
161,7Networks_LH_Default_Par_3,7networks_lh_default_par,7Networks_LH_Default_Par,default,parietal,L,224.0,139.16754792133997,0.26897202718491187,117328.0,-2.2778929977743096e-05,Q37,34.2,34.188,0.18241560937994103,45
162,7Networks_LH_Default_Par_4,7networks_lh_default_par,7Networks_LH_Default_Par,default,parietal,L,265.0,158.5898571831346,0.29698694879816534,28259.0,-2.2778929977743096e-05,Q37,34.2,34.188,0.18241560937994103,45
163,7Networks_LH_Default_Par_5,7networks_lh_default_par,7Networks_LH_Default_Par,default,parietal,L,268.0,159.73103700138813,0.296928257582882,84334.0,-2.2778929977743096e-05,Q37,34.2,34.188,0.18241560937994103,45
164,7Networks_LH_Default_Par_6,7networks_lh_default_par,7Networks_LH_Default_Par,default,parietal,L,321.0,176.49061747406574,0.3311381721069621,0.0,-2.2778929977743096e-05,Q37,34.2,34.188,0.18241560937994103,45
165,7Networks_LH_Default_Par_7,7networks_lh_default_par,7Networks_LH_Default_Par,default,parietal,L,293.0,160.98851372943727,0.30272312987644323,130.0,-2.2778929977743096e-05,Q37,34.2,34.188,0.18241560937994103,45
166,7Networks_LH_Default_PFC_1,7networks_lh_default_pfc,7Networks_LH_Default_PFC,default,prefrontal cortex,L,267.0,151.17661663710786,0.29550452391468,0.0,-2.2778929977743096e-05,Q37,34.2,34.188,0.18241560937994103,45
167,7Networks_LH_Default_PFC_2,7networks_lh_default_pfc,7Networks_LH_Default_PFC,default,prefrontal cortex,L,188.0,124.56949871107824,0.25048949379582863,40481.0,-2.2778929977743096e-05,Q37,34.2,34.188,0.18241560937994103,45
168,7Networks_LH_Default_PFC_3,7networks_lh_default_pfc,7Networks_LH_Default_PFC,default,prefrontal cortex,L,165.0,113.21694285070136,0.2252857602885206,177387.0,-2.2778929977743096e-05,Q37,34.2,34.188,0.18241560937994103,45
169,7Networks_LH_Default_PFC_4,7networks_lh_default_pfc,7Networks_LH_Default_PFC,default,prefrontal cortex,L,244.0,144.83909450121627,0.2791347822744289,24647.0,-2.2778929977743096e-05,Q37,34.2,34.188,0.18241560937994103,45
170,7Networks_LH_Default_PFC_5,7networks_lh_default_pfc,7Networks_LH_Default_PFC,default,prefrontal cortex,L,232.0,147.30194728026552,0.27939283927984443,115486.0,-2.2778929977743096e-05,Q37,34.2,34.188,0.18241560937994103,45
171,7Networks_LH_Default_PFC_6,7networks_lh_default_pfc,7Networks_LH_Default_PFC,default,prefrontal cortex,L,294.0,169.18500865408893,0.32102570819409704,0.0,-2.2778929977743096e-05,Q37,34.2,34.188,0.18241560937994103,45
172,7Networks_LH_Default_PFC_7,7networks_lh_default_pfc,7Networks_LH_Default_PFC,default,prefrontal cortex,L,298.0,165.59584559458685,0.31323701619938993,0.0,-2.2778929977743096e-05,Q37,34.2,34.188,0.18241560937994103,45
173,7Networks_LH_Default_PFC_8,7networks_lh_default_pfc,7Networks_LH_Default_PFC,default,prefrontal cortex,L,204.0,130.80157769311938,0.2628278672198001,1844.0,-2.2778929977743096e-05,Q37,34.2,34.188,0.18241560937994103,45
174,7Networks_LH_Default_PFC_9,7networks_lh_default_pfc,7Networks_LH_Default_PFC,default,prefrontal cortex,L,331.0,193.26841303029337,0.351088004032143,0.0,-2.2778929977743096e-05,Q37,34.2,34.188,0.18241560937994103,45
175,7Networks_LH_Default_PFC_10,7networks_lh_default_pfc,7Networks_LH_Default_PFC,default,prefrontal cortex,L,283.0,160.01855402933552,0.30222021596781107,143.0,-2.2778929977743096e-05,Q37,34.2,34.188,0.18241560937994103,45
176,7Networks_LH_Default_PFC_11,7networks_lh_default_pfc,7Networks_LH_Default_PFC,default,prefrontal cortex,L,116.0,101.22980552074655,0.19942413264886752,143507.0,-2.2778929977743096e-05,Q37,34.2,34.188,0.18241560937994103,45
177,7Networks_LH_Default_PFC_12,7networks_lh_default_pfc,7Networks_LH_Default_PFC,default,prefrontal cortex,L,321.0,183.78474353701804,0.33799950828206143,35.0,-2.2778929977743096e-05,Q37,34.2,34.188,0.18241560937994103,45
178,7Networks_LH_Default_PFC_13,7networks_lh_default_pfc,7Networks_LH_Default_PFC,default,prefrontal cortex,L,316.0,182.90678202128973,0.3399999922970628,0.0,-2.2778929977743096e-05,Q37,34.2,34.188,0.18241560937994103,45
179,7Networks_LH_Default_PFC_14,7networks_lh_default_pfc,7Networks_LH_Default_PFC,default,prefrontal cortex,L,212.0,138.7349478868827,0.2686117111513543,5575.0,-2.2778929977743096e-05,Q37,34.2,34.188,0.18241560937994103,45
180,7Networks_LH_Default_PFC_15,7networks_lh_default_pfc,7Networks_LH_Default_PFC,default,prefrontal cortex,L,292.0,161.9099428087538,0.31131595640692133,0.0,-2.2778929977743096e-05,Q37,34.2,34.188,0.18241560937994103,45
181,7Networks_LH_Default_PFC_16,7networks_lh_default_pfc,7Networks_LH_Default_PFC,default,prefrontal cortex,L,345.0,183.15714958105931,0.3390848849666969,0.0,-2.2778929977743096e-05,Q37,34.2,34.188,0.18241560937994103,45
182,7Networks_LH_Default_PFC_17,7networks_lh_default_pfc,7Networks_LH_Default_PFC,default,prefrontal cortex,L,256.0,163.28084318013975,0.3065605967632165,0.0,-2.2778929977743096e-05,Q37,34.2,34.188,0.18241560937994103,45
183,7Networks_LH_Default_PFC_18,7networks_lh_default_pfc,7Networks_LH_Default_PFC,default,prefrontal cortex,L,97.0,92.40088173722887,0.15228381667219856,161396.0,-2.2778929977743096e-05,Q37,34.2,34.188,0.18241560937994103,45
184,7Networks_LH_Default_PFC_19,7networks_lh_default_pfc,7Networks_LH_Default_PFC,default,prefrontal cortex,L,307.0,172.4680306801298,0.32612718296964294,0.0,-2.2778929977743096e-05,Q37,34.2,34.188,0.18241560937994103,45
185,7Networks_LH_Default_PFC_20,7networks_lh_default_pfc,7Networks_LH_Default_PFC,default,prefrontal cortex,L,173.0,124.45240807308059,0.24851472595010357,35380.0,-2.2778929977743096e-05,Q37,34.2,34.188,0.18241560937994103,45
186,7Networks_LH_Default_PFC_21,7networks_lh_default_pfc,7Networks_LH_Default_PFC,default,prefrontal cortex,L,354.0,193.32891452154948,0.3578252047957579,0.0,-2.2778929977743096e-05,Q37,34.2,34.188,0.18241560937994103,45
187,7Networks_LH_Default_PFC_22,7networks_lh_default_pfc,7Networks_LH_Default_PFC,default,prefrontal cortex,L,232.0,141.8578229132443,0.2674622584066527,140549.0,-2.2778929977743096e-05,Q37,34.2,34.188,0.18241560937994103,45
188,7Networks_LH_Default_PFC_23,7networks_lh_default_pfc,7Networks_LH_Default_PFC,default,prefrontal cortex,L,167.0,124.53489320003264,0.23897151653049797,121388.0,-2.2778929977743096e-05,Q37,34.2,34.188,0.18241560937994103,45
189,7Networks_LH_Default_PFC_24,7networks_lh_default_pfc,7Networks_LH_Default_PFC,default,prefrontal cortex,L,166.0,120.05782001718758,0.22470124467447292,147645.0,-2.2778929977743096e-05,Q37,34.2,34.188,0.18241560937994103,45
190,7Networks_LH_Default_pCunPCC_1,7networks_lh_default_pcunpcc,7Networks_LH_Default_pCunPCC,default,precuneus posterior cingulate cortex,L,144.0,113.42650579551895,0.23031769141048528,156226.0,-2.2778929977743096e-05,Q37,34.2,34.188,0.18241560937994103,45
191,7Networks_LH_Default_pCunPCC_2,7networks_lh_default_pcunpcc,7Networks_LH_Default_pCunPCC,default,precuneus posterior cingulate cortex,L,287.0,170.00058602911508,0.32112725515850754,54.0,-2.2778929977743096e-05,Q37,34.2,34.188,0.18241560937994103,45
192,7Networks_LH_Default_pCunPCC_3,7networks_lh_default_pcunpcc,7Networks_LH_Default_pCunPCC,default,precuneus posterior cingulate cortex,L,188.0,130.8967316719092,0.26334701349381534,97766.0,-2.2778929977743096e-05,Q37,34.2,34.188,0.18241560937994103,45
193,7Networks_LH_Default_pCunPCC_4,7networks_lh_default_pcunpcc,7Networks_LH_Default_pCunPCC,default,precuneus posterior cingulate cortex,L,247.0,147.64865948745185,0.28562301101355275,1092.0,-2.2778929977743096e-05,Q37,34.2,34.188,0.18241560937994103,45
194,7Networks_LH_Default_pCunPCC_5,7networks_lh_default_pcunpcc,7Networks_LH_Default_pCunPCC,default,precuneus posterior cingulate cortex,L,306.0,175.4101278717704,0.3268623439367592,5.0,-2.2778929977743096e-05,Q37,34.2,34.188,0.18241560937994103,45
195,7Networks_LH_Default_pCunPCC_6,7networks_lh_default_pcunpcc,7Networks_LH_Default_pCunPCC,default,precuneus posterior cingulate cortex,L,316.0,180.93599558979946,0.3343974787210906,0.0,-2.2778929977743096e-05,Q37,34.2,34.188,0.18241560937994103,45
196,7Networks_LH_Default_pCunPCC_7,7networks_lh_default_pcunpcc,7Networks_LH_Default_pCunPCC,default,precuneus posterior cingulate cortex,L,339.0,198.40206548273943,0.35630558638170295,0.0,-2.2778929977743096e-05,Q37,34.2,34.188,0.18241560937994103,45
197,7Networks_LH_Default_pCunPCC_8,7networks_lh_default_pcunpcc,7Networks_LH_Default_pCunPCC,default,precuneus posterior cingulate cortex,L,377.0,219.31919739180927,0.3908816646888612,0.0,-2.2778929977743096e-05,Q37,34.2,34.188,0.18241560937994103,45
198,7Networks_LH_Default_pCunPCC_9,7networks_lh_default_pcunpcc,7Networks_LH_Default_pCunPCC,default,precuneus posterior cingulate cortex,L,323.0,186.44969345233775,0.3452115395698947,0.0,-2.2778929977743096e-05,Q37,34.2,34.188,0.18241560937994103,45
199,7Networks_LH_Default_pCunPCC_10,7networks_lh_default_pcunpcc,7Networks_LH_Default_pCunPCC,default,precuneus posterior cingulate cortex,L,247.0,140.38836953178458,0.26975671712020777,201999.0,-2.2778929977743096e-05,Q37,34.2,34.188,0.18241560937994103,45
200,7Networks_LH_Default_pCunPCC_11,7networks_lh_default_pcunpcc,7Networks_LH_Default_pCunPCC,default,precuneus posterior cingulate cortex,L,313.0,180.5251329821783,0.3315678348701703,3.0,-2.2778929977743096e-05,Q37,34.2,34.188,0.18241560937994103,45
201,7Networks_RH_Vis_1,7networks_rh_vis,7Networks_RH_Vis,visual,visual,R,232.0,140.81647697363377,0.27699092726131425,3985.0,-2.2778929977743096e-05,Q37,34.2,34.188,0.18241560937994103,45
202,7Networks_RH_Vis_2,7networks_rh_vis,7Networks_RH_Vis,visual,visual,R,180.0,124.5111266402585,0.24532858601170607,146088.0,-2.2778929977743096e-05,Q37,34.2,34.188,0.18241560937994103,45
203,7Networks_RH_Vis_3,7networks_rh_vis,7Networks_RH_Vis,visual,visual,R,132.0,111.25117742007336,0.21459795173314294,153942.0,-2.2778929977743096e-05,Q37,34.2,34.188,0.18241560937994103,45
204,7Networks_RH_Vis_4,7networks_rh_vis,7Networks_RH_Vis,visual,visual,R,299.0,170.27742471588857,0.3187416571683079,4.0,-2.2778929977743096e-05,Q37,34.2,34.188,0.18241560937994103,45
205,7Networks_RH_Vis_5,7networks_rh_vis,7Networks_RH_Vis,visual,visual,R,310.0,182.60506400233325,0.33726766311988415,3.0,-2.2778929977743096e-05,Q37,34.2,34.188,0.18241560937994103,45
206,7Networks_RH_Vis_6,7networks_rh_vis,7Networks_RH_Vis,visual,visual,R,344.0,192.60656585291648,0.3533353949516315,0.0,-2.2778929977743096e-05,Q37,34.2,34.188,0.18241560937994103,45
207,7Networks_RH_Vis_7,7networks_rh_vis,7Networks_RH_Vis,visual,visual,R,246.0,148.84129877228713,0.2859987986706626,7037.0,-2.2778929977743096e-05,Q37,34.2,34.188,0.18241560937994103,45
208,7Networks_RH_Vis_8,7networks_rh_vis,7Networks_RH_Vis,visual,visual,R,283.0,160.50250018496618,0.31067166763393395,38.0,-2.2778929977743096e-05,Q37,34.2,34.188,0.18241560937994103,45
209,7Networks_RH_Vis_9,7networks_rh_vis,7Networks_RH_Vis,visual,visual,R,326.0,176.13047346274863,0.3341713788239058,0.0,-2.2778929977743096e-05,Q37,34.2,34.188,0.18241560937994103,45
210,7Networks_RH_Vis_10,7networks_rh_vis,7Networks_RH_Vis,visual,visual,R,256.0,153.9785796784039,0.2972101712436382,4.0,-2.2778929977743096e-05,Q37,34.2,34.188,0.18241560937994103,45
211,7Networks_RH_Vis_11,7networks_rh_vis,7Networks_RH_Vis,visual,visual,R,196.0,133.44460476761228,0.26088272234889687,150844.0,-2.2778929977743096e-05,Q37,34.2,34.188,0.18241560937994103,45
212,7Networks_RH_Vis_12,7networks_rh_vis,7Networks_RH_Vis,visual,visual,R,272.0,154.05282516140218,0.29888579621664857,182014.0,-2.2778929977743096e-05,Q37,34.2,34.188,0.18241560937994103,45
213,7Networks_RH_Vis_13,7networks_rh_vis,7Networks_RH_Vis,visual,visual,R,305.0,175.26667899207624,0.3268943381658127,212.0,-2.2778929977743096e-05,Q37,34.2,34.188,0.18241560937994103,45
214,7Networks_RH_Vis_14,7networks_rh_vis,7Networks_RH_Vis,visual,visual,R,233.0,144.4743886284858,0.2832929964395346,191120.0,-2.2778929977743096e-05,Q37,34.2,34.188,0.18241560937994103,45
215,7Networks_RH_Vis_15,7networks_rh_vis,7Networks_RH_Vis,visual,visual,R,339.0,188.90718017726928,0.34970990853455425,0.0,-2.2778929977743096e-05,Q37,34.2,34.188,0.18241560937994103,45
216,7Networks_RH_Vis_16,7networks_rh_vis,7Networks_RH_Vis,visual,visual,R,344.0,197.82798071567677,0.360971423852722,0.0,-2.2778929977743096e-05,Q37,34.2,34.188,0.18241560937994103,45
217,7Networks_RH_Vis_17,7networks_rh_vis,7Networks_RH_Vis,visual,visual,R,241.0,144.57380562207868,0.2804020405241315,272.0,-2.2778929977743096e-05,Q37,34.2,34.188,0.18241560937994103,45
218,7Networks_RH_Vis_18,7networks_rh_vis,7Networks_RH_Vis,visual,visual,R,312.0,178.17461639229876,0.3315028651863618,10.0,-2.2778929977743096e-05,Q37,34.2,34.188,0.18241560937994103,45
219,7Networks_RH_Vis_19,7networks_rh_vis,7Networks_RH_Vis,visual,visual,R,334.0,198.23978386637182,0.3623921759504595,0.0,-2.2778929977743096e-05,Q37,34.2,34.188,0.18241560937994103,45
220,7Networks_RH_Vis_20,7networks_rh_vis,7Networks_RH_Vis,visual,visual,R,298.0,171.8269079524059,0.32382333903767485,0.0,-2.2778929977743096e-05,Q37,34.2,34.188,0.18241560937994103,45
221,7Networks_RH_Vis_21,7networks_rh_vis,7Networks_RH_Vis,visual,visual,R,306.0,172.3417911002245,0.3251233499699998,2.0,-2.2778929977743096e-05,Q37,34.2,34.188,0.18241560937994103,45
222,7Networks_RH_Vis_22,7networks_rh_vis,7Networks_RH_Vis,visual,visual,R,254.0,150.5908870076374,0.2923532095882635,110211.0,-2.2778929977743096e-05,Q37,34.2,34.188,0.18241560937994103,45
223,7Networks_RH_Vis_23,7networks_rh_vis,7Networks_RH_Vis,visual,visual,R,357.0,191.12375538070674,0.3541682074102772,0.0,-2.2778929977743096e-05,Q37,34.2,34.188,0.18241560937994103,45
224,7Networks_RH_Vis_24,7networks_rh_vis,7Networks_RH_Vis,visual,visual,R,320.0,180.14990236168177,0.33747526446017545,0.0,-2.2778929977743096e-05,Q37,34.2,34.188,0.18241560937994103,45
225,7Networks_RH_Vis_25,7networks_rh_vis,7Networks_RH_Vis,visual,visual,R,257.0,156.09638251220767,0.30579534046529433,72.0,-2.2778929977743096e-05,Q37,34.2,34.188,0.18241560937994103,45
226,7Networks_RH_Vis_26,7networks_rh_vis,7Networks_RH_Vis,visual,visual,R,322.0,184.86884964478278,0.3437230798748685,2.0,-2.2778929977743096e-05,Q37,34.2,34.188,0.18241560937994103,45
227,7Networks_RH_Vis_27,7networks_rh_vis,7Networks_RH_Vis,visual,visual,R,255.0,148.69609059223035,0.2749429007343067,179377.0,-2.2778929977743096e-05,Q37,34.2,34.188,0.18241560937994103,45
228,7Networks_RH_Vis_28,7networks_rh_vis,7Networks_RH_Vis,visual,visual,R,334.0,190.6348479585508,0.3503767733893326,0.0,-2.2778929977743096e-05,Q37,34.2,34.188,0.18241560937994103,45
229,7Networks_RH_Vis_29,7networks_rh_vis,7Networks_RH_Vis,visual,visual,R,372.0,203.66646064999804,0.3722479425599909,0.0,-2.2778929977743096e-05,Q37,34.2,34.188,0.18241560937994103,45
230,7Networks_RH_Vis_30,7networks_rh_vis,7Networks_RH_Vis,visual,visual,R,318.0,175.00866732022706,0.33255634199218614,0.0,-2.2778929977743096e-05,Q37,34.2,34.188,0.18241560937994103,45
231,7Networks_RH_SomMot_1,7networks_rh_sommot,7Networks_RH_SomMot,somatomotor,somatomotor,R,348.0,189.42822328012866,0.35398252715067663,0.0,-2.2778929977743096e-05,Q37,34.2,34.188,0.18241560937994103,45
232,7Networks_RH_SomMot_2,7networks_rh_sommot,7Networks_RH_SomMot,somatomotor,somatomotor,R,272.0,154.2856356673049,0.3024975403792999,244.0,-2.2778929977743096e-05,Q37,34.2,34.188,0.18241560937994103,45
233,7Networks_RH_SomMot_3,7networks_rh_sommot,7Networks_RH_SomMot,somatomotor,somatomotor,R,328.0,194.41120246944703,0.3527618178778336,0.0,-2.2778929977743096e-05,Q37,34.2,34.188,0.18241560937994103,45
234,7Networks_RH_SomMot_4,7networks_rh_sommot,7Networks_RH_SomMot,somatomotor,somatomotor,R,361.0,205.82065111610353,0.3753004650307884,0.0,-2.2778929977743096e-05,Q37,34.2,34.188,0.18241560937994103,45
235,7Networks_RH_SomMot_5,7networks_rh_sommot,7Networks_RH_SomMot,somatomotor,somatomotor,R,322.0,187.91134183886928,0.3481512509049601,0.0,-2.2778929977743096e-05,Q37,34.2,34.188,0.18241560937994103,45
236,7Networks_RH_SomMot_6,7networks_rh_sommot,7Networks_RH_SomMot,somatomotor,somatomotor,R,330.0,184.91617789543807,0.3410238733601785,7.0,-2.2778929977743096e-05,Q37,34.2,34.188,0.18241560937994103,45
237,7Networks_RH_SomMot_7,7networks_rh_sommot,7Networks_RH_SomMot,somatomotor,somatomotor,R,342.0,195.1268619572541,0.35960866730420843,0.0,-2.2778929977743096e-05,Q37,34.2,34.188,0.18241560937994103,45
238,7Networks_RH_SomMot_8,7networks_rh_sommot,7Networks_RH_SomMot,somatomotor,somatomotor,R,225.0,138.29709793486785,0.2739083462098799,2440.0,-2.2778929977743096e-05,Q37,34.2,34.188,0.18241560937994103,45
239,7Networks_RH_SomMot_9,7networks_rh_sommot,7Networks_RH_SomMot,somatomotor,somatomotor,R,249.0,156.18404247841286,0.293673054200914,13.0,-2.2778929977743096e-05,Q37,34.2,34.188,0.18241560937994103,45
240,7Networks_RH_SomMot_10,7networks_rh_sommot,7Networks_RH_SomMot,somatomotor,somatomotor,R,248.0,152.93783140501037,0.2884418850652429,129904.0,-2.2778929977743096e-05,Q37,34.2,34.188,0.18241560937994103,45
241,7Networks_RH_SomMot_11,7networks_rh_sommot,7Networks_RH_SomMot,somatomotor,somatomotor,R,223.0,141.21050561092287,0.26664839188024664,79096.0,-2.2778929977743096e-05,Q37,34.2,34.188,0.18241560937994103,45
242,7Networks_RH_SomMot_12,7networks_rh_sommot,7Networks_RH_SomMot,somatomotor,somatomotor,R,220.0,145.3214088395926,0.2839683127538858,0.0,-2.2778929977743096e-05,Q37,34.2,34.188,0.18241560937994103,45
243,7Networks_RH_SomMot_13,7networks_rh_sommot,7Networks_RH_SomMot,somatomotor,somatomotor,R,129.0,106.87593889297767,0.2100118774659052,162122.0,-2.2778929977743096e-05,Q37,34.2,34.188,0.18241560937994103,45
244,7Networks_RH_SomMot_14,7networks_rh_sommot,7Networks_RH_SomMot,somatomotor,somatomotor,R,137.0,111.8393836606428,0.23121765097006036,151070.0,-2.2778929977743096e-05,Q37,34.2,34.188,0.18241560937994103,45
245,7Networks_RH_SomMot_15,7networks_rh_sommot,7Networks_RH_SomMot,somatomotor,somatomotor,R,82.0,69.36840322160187,0.08560830278391997,169155.0,-2.2778929977743096e-05,Q37,34.2,34.188,0.18241560937994103,45
246,7Networks_RH_SomMot_16,7networks_rh_sommot,7Networks_RH_SomMot,somatomotor,somatomotor,R,346.0,196.20851995463173,0.35964245142656814,0.0,-2.2778929977743096e-05,Q37,34.2,34.188,0.18241560937994103,45
247,7Networks_RH_SomMot_17,7networks_rh_sommot,7Networks_RH_SomMot,somatomotor,somatomotor,R,207.0,138.35932113114674,0.27367156619231925,14678.0,-2.2778929977743096e-05,Q37,34.2,34.188,0.18241560937994103,45
248,7Networks_RH_SomMot_18,7networks_rh_sommot,7Networks_RH_SomMot,somatomotor,somatomotor,R,368.0,220.2747761729797,0.39076031961166646,0.0,-2.2778929977743096e-05,Q37,34.2,34.188,0.18241560937994103,45
249,7Networks_RH_SomMot_19,7networks_rh_sommot,7Networks_RH_SomMot,somatomotor,somatomotor,R,267.0,146.2461312197251,0.2874847633071514,46685.0,-2.2778929977743096e-05,Q37,34.2,34.188,0.18241560937994103,45
250,7Networks_RH_SomMot_20,7networks_rh_sommot,7Networks_RH_SomMot,somatomotor,somatomotor,R,310.0,184.4173204811842,0.33808030376778814,0.0,-2.2778929977743096e-05,Q37,34.2,34.188,0.18241560937994103,45
251,7Networks_RH_SomMot_21,7networks_rh_sommot,7Networks_RH_SomMot,somatomotor,somatomotor,R,365.0,205.45048686251045,0.37423164214400323,0.0,-2.2778929977743096e-05,Q37,34.2,34.188,0.18241560937994103,45
252,7Networks_RH_SomMot_22,7networks_rh_sommot,7Networks_RH_SomMot,somatomotor,somatomotor,R,358.0,201.0104133066431,0.36957344940790365,0.0,-2.2778929977743096e-05,Q37,34.2,34.188,0.18241560937994103,45
253,7Networks_RH_SomMot_23,7networks_rh_sommot,7Networks_RH_SomMot,somatomotor,somatomotor,R,286.0,164.440503808838,0.3109522486723205,3.0,-2.2778929977743096e-05,Q37,34.2,34.188,0.18241560937994103,45
254,7Networks_RH_SomMot_24,7networks_rh_sommot,7Networks_RH_SomMot,somatomotor,somatomotor,R,307.0,177.3953188424655,0.33095996257706645,0.0,-2.2778929977743096e-05,Q37,34.2,34.188,0.18241560937994103,45
255,7Networks_RH_SomMot_25,7networks_rh_sommot,7Networks_RH_SomMot,somatomotor,somatomotor,R,324.0,188.57796675845125,0.3488739779005261,0.0,-2.2778929977743096e-05,Q37,34.2,34.188,0.18241560937994103,45
256,7Networks_RH_SomMot_26,7networks_rh_sommot,7Networks_RH_SomMot,somatomotor,somatomotor,R,351.0,194.46159261689826,0.35909131756555224,0.0,-2.2778929977743096e-05,Q37,34.2,34.188,0.18241560937994103,45
257,7Networks_RH_SomMot_27,7networks_rh_sommot,7Networks_RH_SomMot,somatomotor,somatomotor,R,321.0,182.33899273490005,0.3337585953277126,197698.0,-2.2778929977743096e-05,Q37,34.2,34.188,0.18241560937994103,45
258,7Networks_RH_SomMot_28,7networks_rh_sommot,7Networks_RH_SomMot,somatomotor,somatomotor,R,183.0,122.5025196461584,0.2471526415992749,195520.0,-2.2778929977743096e-05,Q37,34.2,34.188,0.18241560937994103,45
259,7Networks_RH_SomMot_29,7networks_rh_sommot,7Networks_RH_SomMot,somatomotor,somatomotor,R,340.0,192.68111390429382,0.3576716293867818,0.0,-2.2778929977743096e-05,Q37,34.2,34.188,0.18241560937994103,45
260,7Networks_RH_SomMot_30,7networks_rh_sommot,7Networks_RH_SomMot,somatomotor,somatomotor,R,309.0,172.8480045043873,0.3233861436212094,198015.0,-2.2778929977743096e-05,Q37,34.2,34.188,0.18241560937994103,45
261,7Networks_RH_SomMot_31,7networks_rh_sommot,7Networks_RH_SomMot,somatomotor,somatomotor,R,139.0,103.07937198360216,0.20994903653089372,174579.0,-2.2778929977743096e-05,Q37,34.2,34.188,0.18241560937994103,45
262,7Networks_RH_SomMot_32,7networks_rh_sommot,7Networks_RH_SomMot,somatomotor,somatomotor,R,252.0,149.37692798840536,0.29076291637827023,407.0,-2.2778929977743096e-05,Q37,34.2,34.188,0.18241560937994103,45
263,7Networks_RH_SomMot_33,7networks_rh_sommot,7Networks_RH_SomMot,somatomotor,somatomotor,R,318.0,178.47722523035065,0.33662694332330095,0.0,-2.2778929977743096e-05,Q37,34.2,34.188,0.18241560937994103,45
264,7Networks_RH_SomMot_34,7networks_rh_sommot,7Networks_RH_SomMot,somatomotor,somatomotor,R,323.0,183.59982254237363,0.3453511806666098,0.0,-2.2778929977743096e-05,Q37,34.2,34.188,0.18241560937994103,45
265,7Networks_RH_SomMot_35,7networks_rh_sommot,7Networks_RH_SomMot,somatomotor,somatomotor,R,192.0,123.21191671472565,0.24364971092941096,182972.0,-2.2778929977743096e-05,Q37,34.2,34.188,0.18241560937994103,45
266,7Networks_RH_SomMot_36,7networks_rh_sommot,7Networks_RH_SomMot,somatomotor,somatomotor,R,158.0,118.65507843922589,0.2319139142278115,125550.0,-2.2778929977743096e-05,Q37,34.2,34.188,0.18241560937994103,45
267,7Networks_RH_SomMot_37,7networks_rh_sommot,7Networks_RH_SomMot,somatomotor,somatomotor,R,200.0,135.75356688745703,0.2653027782633952,4228.0,-2.2778929977743096e-05,Q37,34.2,34.188,0.18241560937994103,45
268,7Networks_RH_SomMot_38,7networks_rh_sommot,7Networks_RH_SomMot,somatomotor,somatomotor,R,130.0,106.17966672573392,0.19962273929631072,174765.0,-2.2778929977743096e-05,Q37,34.2,34.188,0.18241560937994103,45
269,7Networks_RH_SomMot_39,7networks_rh_sommot,7Networks_RH_SomMot,somatomotor,somatomotor,R,320.0,174.99172968323714,0.3278448493031669,0.0,-2.2778929977743096e-05,Q37,34.2,34.188,0.18241560937994103,45
270,7Networks_RH_SomMot_40,7networks_rh_sommot,7Networks_RH_SomMot,somatomotor,somatomotor,R,266.0,154.09614232817307,0.2973233542195173,2.0,-2.2778929977743096e-05,Q37,34.2,34.188,0.18241560937994103,45
271,7Networks_RH_DorsAttn_Post_1,7networks_rh_dorsattn_post,7Networks_RH_DorsAttn_Post,dorsal attention,posterior,R,250.0,149.64883123887435,0.28576312708812457,32045.0,-2.2778929977743096e-05,Q37,34.2,34.188,0.18241560937994103,45
272,7Networks_RH_DorsAttn_Post_2,7networks_rh_dorsattn_post,7Networks_RH_DorsAttn_Post,dorsal attention,posterior,R,266.0,151.34688371955954,0.29767595831889826,116.0,-2.2778929977743096e-05,Q37,34.2,34.188,0.18241560937994103,45
273,7Networks_RH_DorsAttn_Post_3,7networks_rh_dorsattn_post,7Networks_RH_DorsAttn_Post,dorsal attention,posterior,R,72.0,72.61175126132234,0.1211176137211867,175690.0,-2.2778929977743096e-05,Q37,34.2,34.188,0.18241560937994103,45
274,7Networks_RH_DorsAttn_Post_4,7networks_rh_dorsattn_post,7Networks_RH_DorsAttn_Post,dorsal attention,posterior,R,329.0,186.8108933024589,0.3432865317019892,37911.0,-2.2778929977743096e-05,Q37,34.2,34.188,0.18241560937994103,45
275,7Networks_RH_DorsAttn_Post_5,7networks_rh_dorsattn_post,7Networks_RH_DorsAttn_Post,dorsal attention,posterior,R,314.0,188.6074964423099,0.3447537124647216,4.0,-2.2778929977743096e-05,Q37,34.2,34.188,0.18241560937994103,45
276,7Networks_RH_DorsAttn_Post_6,7networks_rh_dorsattn_post,7Networks_RH_DorsAttn_Post,dorsal attention,posterior,R,299.0,160.71944632725817,0.3100819133119869,124026.0,-2.2778929977743096e-05,Q37,34.2,34.188,0.18241560937994103,45
277,7Networks_RH_DorsAttn_Post_7,7networks_rh_dorsattn_post,7Networks_RH_DorsAttn_Post,dorsal attention,posterior,R,184.0,123.00465492201192,0.24391566772121326,136300.0,-2.2778929977743096e-05,Q37,34.2,34.188,0.18241560937994103,45
278,7Networks_RH_DorsAttn_Post_8,7networks_rh_dorsattn_post,7Networks_RH_DorsAttn_Post,dorsal attention,posterior,R,335.0,182.94523034494867,0.3406298012175821,0.0,-2.2778929977743096e-05,Q37,34.2,34.188,0.18241560937994103,45
279,7Networks_RH_DorsAttn_Post_9,7networks_rh_dorsattn_post,7Networks_RH_DorsAttn_Post,dorsal attention,posterior,R,307.0,178.20058347058102,0.3312376555425888,0.0,-2.2778929977743096e-05,Q37,34.2,34.188,0.18241560937994103,45
280,7Networks_RH_DorsAttn_Post_10,7networks_rh_dorsattn_post,7Networks_RH_DorsAttn_Post,dorsal attention,posterior,R,171.0,118.41710817670253,0.22951169061418197,194495.0,-2.2778929977743096e-05,Q37,34.2,34.188,0.18241560937994103,45
281,7Networks_RH_DorsAttn_Post_11,7networks_rh_dorsattn_post,7Networks_RH_DorsAttn_Post,dorsal attention,posterior,R,195.0,130.59274416834808,0.2471158732239531,162979.0,-2.2778929977743096e-05,Q37,34.2,34.188,0.18241560937994103,45
282,7Networks_RH_DorsAttn_Post_12,7networks_rh_dorsattn_post,7Networks_RH_DorsAttn_Post,dorsal attention,posterior,R,261.0,151.52821294613418,0.29304348133010855,48666.0,-2.2778929977743096e-05,Q37,34.2,34.188,0.18241560937994103,45
283,7Networks_RH_DorsAttn_Post_13,7networks_rh_dorsattn_post,7Networks_RH_DorsAttn_Post,dorsal attention,posterior,R,260.0,151.28198869651158,0.2887423550755305,158493.0,-2.2778929977743096e-05,Q37,34.2,34.188,0.18241560937994103,45
284,7Networks_RH_DorsAttn_Post_14,7networks_rh_dorsattn_post,7Networks_RH_DorsAttn_Post,dorsal attention,posterior,R,273.0,162.51268433908382,0.31159822373364005,197.0,-2.2778929977743096e-05,Q37,34.2,34.188,0.18241560937994103,45
285,7Networks_RH_DorsAttn_Post_15,7networks_rh_dorsattn_post,7Networks_RH_DorsAttn_Post,dorsal attention,posterior,R,163.0,109.13550784701121,0.1903511754982124,192437.0,-2.2778929977743096e-05,Q37,34.2,34.188,0.18241560937994103,45
286,7Networks_RH_DorsAttn_Post_16,7networks_rh_dorsattn_post,7Networks_RH_DorsAttn_Post,dorsal attention,posterior,R,157.0,114.2255034595377,0.2377055443051757,162989.0,-2.2778929977743096e-05,Q37,34.2,34.188,0.18241560937994103,45
287,7Networks_RH_DorsAttn_Post_17,7networks_rh_dorsattn_post,7Networks_RH_DorsAttn_Post,dorsal attention,posterior,R,349.0,191.59905273131375,0.35249177333129844,0.0,-2.2778929977743096e-05,Q37,34.2,34.188,0.18241560937994103,45
288,7Networks_RH_DorsAttn_Post_18,7networks_rh_dorsattn_post,7Networks_RH_DorsAttn_Post,dorsal attention,posterior,R,222.0,144.0841487488654,0.27015343491678007,12769.0,-2.2778929977743096e-05,Q37,34.2,34.188,0.18241560937994103,45
289,7Networks_RH_DorsAttn_Post_19,7networks_rh_dorsattn_post,7Networks_RH_DorsAttn_Post,dorsal attention,posterior,R,223.0,140.86072151892486,0.28184704882341705,613.0,-2.2778929977743096e-05,Q37,34.2,34.188,0.18241560937994103,45
290,7Networks_RH_DorsAttn_FEF_1,7networks_rh_dorsattn_fef,7Networks_RH_DorsAttn_FEF,dorsal attention,frontal eye fields,R,219.0,135.00009628049372,0.2603719038219925,153774.0,-2.2778929977743096e-05,Q37,34.2,34.188,0.18241560937994103,45
291,7Networks_RH_DorsAttn_FEF_2,7networks_rh_dorsattn_fef,7Networks_RH_DorsAttn_FEF,dorsal attention,frontal eye fields,R,353.0,192.56176281326276,0.3579391593072446,0.0,-2.2778929977743096e-05,Q37,34.2,34.188,0.18241560937994103,45
292,7Networks_RH_DorsAttn_FEF_3,7networks_rh_dorsattn_fef,7Networks_RH_DorsAttn_FEF,dorsal attention,frontal eye fields,R,240.0,142.49090979925487,0.26779955021413765,159911.0,-2.2778929977743096e-05,Q37,34.2,34.188,0.18241560937994103,45
293,7Networks_RH_DorsAttn_PrCv_1,7networks_rh_dorsattn_prcv,7Networks_RH_DorsAttn_PrCv,dorsal attention,precentral ventral,R,178.0,125.01164468755117,0.24331494139199666,146227.0,-2.2778929977743096e-05,Q37,34.2,34.188,0.18241560937994103,45
294,7Networks_RH_SalVentAttn_TempOccPar_1,7networks_rh_salventattn_tempoccpar,7Networks_RH_SalVentAttn_TempOccPar,salience / ventral attention,temporal occipital parietal,R,254.0,152.7798553852148,0.2955650136977186,27090.0,-2.2778929977743096e-05,Q37,34.2,34.188,0.18241560937994103,45
295,7Networks_RH_SalVentAttn_TempOccPar_2,7networks_rh_salventattn_tempoccpar,7Networks_RH_SalVentAttn_TempOccPar,salience / ventral attention,temporal occipital parietal,R,248.0,149.8991948213018,0.290166897322237,3481.0,-2.2778929977743096e-05,Q37,34.2,34.188,0.18241560937994103,45
296,7Networks_RH_SalVentAttn_TempOccPar_3,7networks_rh_salventattn_tempoccpar,7Networks_RH_SalVentAttn_TempOccPar,salience / ventral attention,temporal occipital parietal,R,120.0,105.82258288702813,0.20857229996231422,169458.0,-2.2778929977743096e-05,Q37,34.2,34.188,0.18241560937994103,45
297,7Networks_RH_SalVentAttn_TempOccPar_4,7networks_rh_salventattn_tempoccpar,7Networks_RH_SalVentAttn_TempOccPar,salience / ventral attention,temporal occipital parietal,R,328.0,186.7613112154108,0.3464556892235647,0.0,-2.2778929977743096e-05,Q37,34.2,34.188,0.18241560937994103,45
298,7Networks_RH_SalVentAttn_TempOccPar_5,7networks_rh_salventattn_tempoccpar,7Networks_RH_SalVentAttn_TempOccPar,salience / ventral attention,temporal occipital parietal,R,245.0,149.26446433237456,0.2885837073784471,410.0,-2.2778929977743096e-05,Q37,34.2,34.188,0.18241560937994103,45
299,7Networks_RH_SalVentAttn_TempOccPar_6,7networks_rh_salventattn_tempoccpar,7Networks_RH_SalVentAttn_TempOccPar,salience / ventral attention,temporal occipital parietal,R,317.0,177.08702859546685,0.33092325510143933,0.0,-2.2778929977743096e-05,Q37,34.2,34.188,0.18241560937994103,45
300,7Networks_RH_SalVentAttn_TempOccPar_7,7networks_rh_salventattn_tempoccpar,7Networks_RH_SalVentAttn_TempOccPar,salience / ventral attention,temporal occipital parietal,R,286.0,160.64379175117793,0.30650504727930467,26.0,-2.2778929977743096e-05,Q37,34.2,34.188,0.18241560937994103,45
301,7Networks_RH_SalVentAttn_PrC_1,7networks_rh_salventattn_prc,7Networks_RH_SalVentAttn_PrC,salience / ventral attention,precentral,R,268.0,149.63233513510696,0.29562727312483406,437.0,-2.2778929977743096e-05,Q37,34.2,34.188,0.18241560937994103,45
302,7Networks_RH_SalVentAttn_FrOperIns_1,7networks_rh_salventattn_froperins,7Networks_RH_SalVentAttn_FrOperIns,salience / ventral attention,frontal operculum insula,R,291.0,170.7217293177543,0.3206378958618966,4.0,-2.2778929977743096e-05,Q37,34.2,34.188,0.18241560937994103,45
303,7Networks_RH_SalVentAttn_FrOperIns_2,7networks_rh_salventattn_froperins,7Networks_RH_SalVentAttn_FrOperIns,salience / ventral attention,frontal operculum insula,R,325.0,181.58355863970056,0.34335485885534234,0.0,-2.2778929977743096e-05,Q37,34.2,34.188,0.18241560937994103,45
304,7Networks_RH_SalVentAttn_FrOperIns_3,7networks_rh_salventattn_froperins,7Networks_RH_SalVentAttn_FrOperIns,salience / ventral attention,frontal operculum insula,R,268.0,158.94121836091614,0.3028336352915101,10535.0,-2.2778929977743096e-05,Q37,34.2,34.188,0.18241560937994103,45
305,7Networks_RH_SalVentAttn_FrOperIns_4,7networks_rh_salventattn_froperins,7Networks_RH_SalVentAttn_FrOperIns,salience / ventral attention,frontal operculum insula,R,314.0,177.14740384574628,0.33186993335533715,0.0,-2.2778929977743096e-05,Q37,34.2,34.188,0.18241560937994103,45
306,7Networks_RH_SalVentAttn_FrOperIns_5,7networks_rh_salventattn_froperins,7Networks_RH_SalVentAttn_FrOperIns,salience / ventral attention,frontal operculum insula,R,292.0,172.61144469331563,0.32332268269428366,3.0,-2.2778929977743096e-05,Q37,34.2,34.188,0.18241560937994103,45
307,7Networks_RH_SalVentAttn_FrOperIns_6,7networks_rh_salventattn_froperins,7Networks_RH_SalVentAttn_FrOperIns,salience / ventral attention,frontal operculum insula,R,301.0,173.65071961317983,0.32677674645352894,7.0,-2.2778929977743096e-05,Q37,34.2,34.188,0.18241560937994103,45
308,7Networks_RH_SalVentAttn_FrOperIns_7,7networks_rh_salventattn_froperins,7Networks_RH_SalVentAttn_FrOperIns,salience / ventral attention,frontal operculum insula,R,342.0,193.65743976461206,0.35965943532055544,0.0,-2.2778929977743096e-05,Q37,34.2,34.188,0.18241560937994103,45
309,7Networks_RH_SalVentAttn_FrOperIns_8,7networks_rh_salventattn_froperins,7Networks_RH_SalVentAttn_FrOperIns,salience / ventral attention,frontal operculum insula,R,191.0,133.36571930172073,0.2669038633703346,6489.0,-2.2778929977743096e-05,Q37,34.2,34.188,0.18241560937994103,45
310,7Networks_RH_SalVentAttn_PFCl_1,7networks_rh_salventattn_pfcl,7Networks_RH_SalVentAttn_PFCl,salience / ventral attention,lateral prefrontal cortex,R,318.0,172.17293804425444,0.32775833318438,0.0,-2.2778929977743096e-05,Q37,34.2,34.188,0.18241560937994103,45
311,7Networks_RH_SalVentAttn_Med_1,7networks_rh_salventattn_med,7Networks_RH_SalVentAttn_Med,salience / ventral attention,medial,R,285.0,176.07018028078036,0.32535602086596255,0.0,-2.2778929977743096e-05,Q37,34.2,34.188,0.18241560937994103,45
312,7Networks_RH_SalVentAttn_Med_2,7networks_rh_salventattn_med,7Networks_RH_SalVentAttn_Med,salience / ventral attention,medial,R,345.0,205.8016339687574,0.3690089905653232,0.0,-2.2778929977743096e-05,Q37,34.2,34.188,0.18241560937994103,45
313,7Networks_RH_SalVentAttn_Med_3,7networks_rh_salventattn_med,7Networks_RH_SalVentAttn_Med,salience / ventral attention,medial,R,306.0,180.5712542464502,0.3298003102110398,97.0,-2.2778929977743096e-05,Q37,34.2,34.188,0.18241560937994103,45
314,7Networks_RH_SalVentAttn_Med_4,7networks_rh_salventattn_med,7Networks_RH_SalVentAttn_Med,salience / ventral attention,medial,R,80.0,80.0538942869765,0.15071059040951615,181986.0,-2.2778929977743096e-05,Q37,34.2,34.188,0.18241560937994103,45
315,7Networks_RH_SalVentAttn_Med_5,7networks_rh_salventattn_med,7Networks_RH_SalVentAttn_Med,salience / ventral attention,medial,R,325.0,189.20798279480263,0.3495327634076846,0.0,-2.2778929977743096e-05,Q37,34.2,34.188,0.18241560937994103,45
316,7Networks_RH_SalVentAttn_Med_6,7networks_rh_salventattn_med,7Networks_RH_SalVentAttn_Med,salience / ventral attention,medial,R,337.0,198.87363067076262,0.3584279942887282,0.0,-2.2778929977743096e-05,Q37,34.2,34.188,0.18241560937994103,45
317,7Networks_RH_SalVentAttn_Med_7,7networks_rh_salventattn_med,7Networks_RH_SalVentAttn_Med,salience / ventral attention,medial,R,176.0,123.64885110269582,0.24658540240099347,161360.0,-2.2778929977743096e-05,Q37,34.2,34.188,0.18241560937994103,45
318,7Networks_RH_SalVentAttn_Med_8,7networks_rh_salventattn_med,7Networks_RH_SalVentAttn_Med,salience / ventral attention,medial,R,27.0,20.887369537147553,0.014050410595799749,180221.0,-2.2778929977743096e-05,Q37,34.2,34.188,0.18241560937994103,45
319,7Networks_RH_Limbic_OFC_1,7networks_rh_limbic_ofc,7Networks_RH_Limbic_OFC,limbic,orbital frontal cortex,R,63.0,84.84398577227736,0.17560345865036459,163505.0,-2.2778929977743096e-05,Q37,34.2,34.188,0.18241560937994103,45
320,7Networks_RH_Limbic_OFC_2,7networks_rh_limbic_ofc,7Networks_RH_Limbic_OFC,limbic,orbital frontal cortex,R,295.0,163.4741462438934,0.311849106075494,0.0,-2.2778929977743096e-05,Q37,34.2,34.188,0.18241560937994103,45
321,7Networks_RH_Limbic_OFC_3,7networks_rh_limbic_ofc,7Networks_RH_Limbic_OFC,limbic,orbital frontal cortex,R,69.0,75.69344093865516,0.1317257345377668,160402.0,-2.2778929977743096e-05,Q37,34.2,34.188,0.18241560937994103,45
322,7Networks_RH_Limbic_OFC_4,7networks_rh_limbic_ofc,7Networks_RH_Limbic_OFC,limbic,orbital frontal cortex,R,92.0,88.24840871992572,0.15895085616538643,163085.0,-2.2778929977743096e-05,Q37,34.2,34.188,0.18241560937994103,45
323,7Networks_RH_Limbic_OFC_5,7networks_rh_limbic_ofc,7Networks_RH_Limbic_OFC,limbic,orbital frontal cortex,R,59.0,80.14204874283833,0.16252850545315628,169206.0,-2.2778929977743096e-05,Q37,34.2,34.188,0.18241560937994103,45
324,7Networks_RH_Limbic_OFC_6,7networks_rh_limbic_ofc,7Networks_RH_Limbic_OFC,limbic,orbital frontal cortex,R,66.0,72.60400018869471,0.14026997813715084,201109.0,-2.2778929977743096e-05,Q37,34.2,34.188,0.18241560937994103,45
325,7Networks_RH_Limbic_TempPole_1,7networks_rh_limbic_temppole,7Networks_RH_Limbic_TempPole,limbic,temporal pole,R,136.0,109.99529881218942,0.21778080474810613,110271.0,-2.2778929977743096e-05,Q37,34.2,34.188,0.18241560937994103,45
326,7Networks_RH_Limbic_TempPole_2,7networks_rh_limbic_temppole,7Networks_RH_Limbic_TempPole,limbic,temporal pole,R,146.0,109.81589121464543,0.22141300422259674,137367.0,-2.2778929977743096e-05,Q37,34.2,34.188,0.18241560937994103,45
327,7Networks_RH_Limbic_TempPole_3,7networks_rh_limbic_temppole,7Networks_RH_Limbic_TempPole,limbic,temporal pole,R,133.0,105.62043853144246,0.19773077451386975,195935.0,-2.2778929977743096e-05,Q37,34.2,34.188,0.18241560937994103,45
328,7Networks_RH_Limbic_TempPole_4,7networks_rh_limbic_temppole,7Networks_RH_Limbic_TempPole,limbic,temporal pole,R,100.0,94.23858944309505,0.1729274881685982,154027.0,-2.2778929977743096e-05,Q37,34.2,34.188,0.18241560937994103,45
329,7Networks_RH_Limbic_TempPole_5,7networks_rh_limbic_temppole,7Networks_RH_Limbic_TempPole,limbic,temporal pole,R,168.0,120.23208454350912,0.23763175891047478,132127.0,-2.2778929977743096e-05,Q37,34.2,34.188,0.18241560937994103,45
330,7Networks_RH_Limbic_TempPole_6,7networks_rh_limbic_temppole,7Networks_RH_Limbic_TempPole,limbic,temporal pole,R,175.0,126.1802837697449,0.24928058554317473,20014.0,-2.2778929977743096e-05,Q37,34.2,34.188,0.18241560937994103,45
331,7Networks_RH_Limbic_TempPole_7,7networks_rh_limbic_temppole,7Networks_RH_Limbic_TempPole,limbic,temporal pole,R,221.0,139.03469628514273,0.266092679830461,103699.0,-2.2778929977743096e-05,Q37,34.2,34.188,0.18241560937994103,45
332,7Networks_RH_Cont_Par_1,7networks_rh_cont_par,7Networks_RH_Cont_Par,control,parietal,R,216.0,136.96815613947518,0.2575757243720639,152005.0,-2.2778929977743096e-05,Q37,34.2,34.188,0.18241560937994103,45
333,7Networks_RH_Cont_Par_2,7networks_rh_cont_par,7Networks_RH_Cont_Par,control,parietal,R,248.0,146.59467423910473,0.2877740511229574,3.0,-2.2778929977743096e-05,Q37,34.2,34.188,0.18241560937994103,45
334,7Networks_RH_Cont_Par_3,7networks_rh_cont_par,7Networks_RH_Cont_Par,control,parietal,R,345.0,194.59284741247575,0.35464257357792345,0.0,-2.2778929977743096e-05,Q37,34.2,34.188,0.18241560937994103,45
335,7Networks_RH_Cont_Par_4,7networks_rh_cont_par,7Networks_RH_Cont_Par,control,parietal,R,235.0,142.9782746802925,0.28087560202548645,84078.0,-2.2778929977743096e-05,Q37,34.2,34.188,0.18241560937994103,45
336,7Networks_RH_Cont_Par_5,7networks_rh_cont_par,7Networks_RH_Cont_Par,control,parietal,R,180.0,117.89553900481741,0.2295434923925102,161126.0,-2.2778929977743096e-05,Q37,34.2,34.188,0.18241560937994103,45
337,7Networks_RH_Cont_Par_6,7networks_rh_cont_par,7Networks_RH_Cont_Par,control,parietal,R,305.0,175.38589286294305,0.3319862935298013,0.0,-2.2778929977743096e-05,Q37,34.2,34.188,0.18241560937994103,45
338,7Networks_RH_Cont_Temp_1,7networks_rh_cont_temp,7Networks_RH_Cont_Temp,control,temporal,R,293.0,163.8963777682177,0.3124462385729551,1.0,-2.2778929977743096e-05,Q37,34.2,34.188,0.18241560937994103,45
339,7Networks_RH_Cont_Temp_2,7networks_rh_cont_temp,7Networks_RH_Cont_Temp,control,temporal,R,256.0,151.9695595848874,0.29229771606708077,8249.0,-2.2778929977743096e-05,Q37,34.2,34.188,0.18241560937994103,45
340,7Networks_RH_Cont_PFCv_1,7networks_rh_cont_pfcv,7Networks_RH_Cont_PFCv,control,ventral prefrontal cortex,R,291.0,168.8825458928836,0.3215519848407527,0.0,-2.2778929977743096e-05,Q37,34.2,34.188,0.18241560937994103,45
341,7Networks_RH_Cont_PFCl_1,7networks_rh_cont_pfcl,7Networks_RH_Cont_PFCl,control,lateral prefrontal cortex,R,164.0,121.78126792746919,0.246102496672777,60342.0,-2.2778929977743096e-05,Q37,34.2,34.188,0.18241560937994103,45
342,7Networks_RH_Cont_PFCl_2,7networks_rh_cont_pfcl,7Networks_RH_Cont_PFCl,control,lateral prefrontal cortex,R,178.0,125.72713923514198,0.2324491201348793,175424.0,-2.2778929977743096e-05,Q37,34.2,34.188,0.18241560937994103,45
343,7Networks_RH_Cont_PFCl_3,7networks_rh_cont_pfcl,7Networks_RH_Cont_PFCl,control,lateral prefrontal cortex,R,341.0,183.38911316835478,0.3450884679911344,0.0,-2.2778929977743096e-05,Q37,34.2,34.188,0.18241560937994103,45
344,7Networks_RH_Cont_PFCl_4,7networks_rh_cont_pfcl,7Networks_RH_Cont_PFCl,control,lateral prefrontal cortex,R,228.0,142.63300460435633,0.2716935806747325,82937.0,-2.2778929977743096e-05,Q37,34.2,34.188,0.18241560937994103,45
345,7Networks_RH_Cont_PFCl_5,7networks_rh_cont_pfcl,7Networks_RH_Cont_PFCl,control,lateral prefrontal cortex,R,222.0,140.69335829011814,0.277032609284587,807.0,-2.2778929977743096e-05,Q37,34.2,34.188,0.18241560937994103,45
346,7Networks_RH_Cont_PFCl_6,7networks_rh_cont_pfcl,7Networks_RH_Cont_PFCl,control,lateral prefrontal cortex,R,202.0,129.37316202965914,0.2419008401511444,159045.0,-2.2778929977743096e-05,Q37,34.2,34.188,0.18241560937994103,45
347,7Networks_RH_Cont_PFCl_7,7networks_rh_cont_pfcl,7Networks_RH_Cont_PFCl,control,lateral prefrontal cortex,R,202.0,129.29293213172608,0.25795694397893465,192382.0,-2.2778929977743096e-05,Q37,34.2,34.188,0.18241560937994103,45
348,7Networks_RH_Cont_PFCl_8,7networks_rh_cont_pfcl,7Networks_RH_Cont_PFCl,control,lateral prefrontal cortex,R,214.0,136.90003939728834,0.2757505657398721,26428.0,-2.2778929977743096e-05,Q37,34.2,34.188,0.18241560937994103,45
349,7Networks_RH_Cont_PFCl_9,7networks_rh_cont_pfcl,7Networks_RH_Cont_PFCl,control,lateral prefrontal cortex,R,96.0,96.46818624168088,0.1989884653749543,145823.0,-2.2778929977743096e-05,Q37,34.2,34.188,0.18241560937994103,45
350,7Networks_RH_Cont_PFCl_10,7networks_rh_cont_pfcl,7Networks_RH_Cont_PFCl,control,lateral prefrontal cortex,R,154.0,118.98859619443859,0.23780278767048035,78817.0,-2.2778929977743096e-05,Q37,34.2,34.188,0.18241560937994103,45
351,7Networks_RH_Cont_PFCl_11,7networks_rh_cont_pfcl,7Networks_RH_Cont_PFCl,control,lateral prefrontal cortex,R,230.0,147.18589620896077,0.2873952450416696,1067.0,-2.2778929977743096e-05,Q37,34.2,34.188,0.18241560937994103,45
352,7Networks_RH_Cont_PFCl_12,7networks_rh_cont_pfcl,7Networks_RH_Cont_PFCl,control,lateral prefrontal cortex,R,238.0,143.76166670203523,0.27883455111189054,766.0,-2.2778929977743096e-05,Q37,34.2,34.188,0.18241560937994103,45
353,7Networks_RH_Cont_PFCl_13,7networks_rh_cont_pfcl,7Networks_RH_Cont_PFCl,control,lateral prefrontal cortex,R,145.0,113.91121722128375,0.23102596561589994,134817.0,-2.2778929977743096e-05,Q37,34.2,34.188,0.18241560937994103,45
354,7Networks_RH_Cont_PFCl_14,7networks_rh_cont_pfcl,7Networks_RH_Cont_PFCl,control,lateral prefrontal cortex,R,247.0,151.6047188600886,0.2866173665655069,166488.0,-2.2778929977743096e-05,Q37,34.2,34.188,0.18241560937994103,45
355,7Networks_RH_Cont_PFCl_15,7networks_rh_cont_pfcl,7Networks_RH_Cont_PFCl,control,lateral prefrontal cortex,R,307.0,170.46153069005686,0.3253102448590713,0.0,-2.2778929977743096e-05,Q37,34.2,34.188,0.18241560937994103,45
356,7Networks_RH_Cont_pCun_1,7networks_rh_cont_pcun,7Networks_RH_Cont_pCun,control,precuneus,R,250.0,147.57117626945677,0.2795723692449102,98417.0,-2.2778929977743096e-05,Q37,34.2,34.188,0.18241560937994103,45
357,7Networks_RH_Cont_pCun_2,7networks_rh_cont_pcun,7Networks_RH_Cont_pCun,control,precuneus,R,255.0,149.2469484891774,0.27568404267448204,152954.0,-2.2778929977743096e-05,Q37,34.2,34.188,0.18241560937994103,45
358,7Networks_RH_Cont_Cing_1,7networks_rh_cont_cing,7Networks_RH_Cont_Cing,control,cingulate,R,331.0,186.64682970354139,0.3461300739278623,0.0,-2.2778929977743096e-05,Q37,34.2,34.188,0.18241560937994103,45
359,7Networks_RH_Cont_Cing_2,7networks_rh_cont_cing,7Networks_RH_Cont_Cing,control,cingulate,R,308.0,183.2009489374394,0.33726697470754974,7.0,-2.2778929977743096e-05,Q37,34.2,34.188,0.18241560937994103,45
360,7Networks_RH_Cont_PFCmp_1,7networks_rh_cont_pfcmp,7Networks_RH_Cont_PFCmp,control,medial posterior prefrontal cortex,R,316.0,191.31716545161783,0.34658699823410477,0.0,-2.2778929977743096e-05,Q37,34.2,34.188,0.18241560937994103,45
361,7Networks_RH_Cont_PFCmp_2,7networks_rh_cont_pfcmp,7Networks_RH_Cont_PFCmp,control,medial posterior prefrontal cortex,R,240.0,148.5743597568942,0.2913470986933546,66.0,-2.2778929977743096e-05,Q37,34.2,34.188,0.18241560937994103,45
362,7Networks_RH_Default_Par_1,7networks_rh_default_par,7Networks_RH_Default_Par,default,parietal,R,284.0,164.00594984192645,0.31580441308238194,154.0,-2.2778929977743096e-05,Q37,34.2,34.188,0.18241560937994103,45
363,7Networks_RH_Default_Par_2,7networks_rh_default_par,7Networks_RH_Default_Par,default,parietal,R,259.0,151.5354284140402,0.2882038701029224,12947.0,-2.2778929977743096e-05,Q37,34.2,34.188,0.18241560937994103,45
364,7Networks_RH_Default_Par_3,7networks_rh_default_par,7Networks_RH_Default_Par,default,parietal,R,299.0,172.2786154857103,0.328013033374717,0.0,-2.2778929977743096e-05,Q37,34.2,34.188,0.18241560937994103,45
365,7Networks_RH_Default_Par_4,7networks_rh_default_par,7Networks_RH_Default_Par,default,parietal,R,211.0,130.04355497662434,0.24294498669335,148856.0,-2.2778929977743096e-05,Q37,34.2,34.188,0.18241560937994103,45
366,7Networks_RH_Default_Par_5,7networks_rh_default_par,7Networks_RH_Default_Par,default,parietal,R,324.0,170.92808729651892,0.3239416659500975,0.0,-2.2778929977743096e-05,Q37,34.2,34.188,0.18241560937994103,45
367,7Networks_RH_Default_Temp_1,7networks_rh_default_temp,7Networks_RH_Default_Temp,default,temporal,R,258.0,152.62669593520727,0.2989760362049578,0.0,-2.2778929977743096e-05,Q37,34.2,34.188,0.18241560937994103,45
368,7Networks_RH_Default_Temp_2,7networks_rh_default_temp,7Networks_RH_Default_Temp,default,temporal,R,145.0,117.72389391051838,0.24237541305142904,185291.0,-2.2778929977743096e-05,Q37,34.2,34.188,0.18241560937994103,45
369,7Networks_RH_Default_Temp_3,7networks_rh_default_temp,7Networks_RH_Default_Temp,default,temporal,R,294.0,164.7472447384184,0.3167677769347293,0.0,-2.2778929977743096e-05,Q37,34.2,34.188,0.18241560937994103,45
370,7Networks_RH_Default_Temp_4,7networks_rh_default_temp,7Networks_RH_Default_Temp,default,temporal,R,317.0,177.73353473295478,0.3368187121295541,0.0,-2.2778929977743096e-05,Q37,34.2,34.188,0.18241560937994103,45
371,7Networks_RH_Default_Temp_5,7networks_rh_default_temp,7Networks_RH_Default_Temp,default,temporal,R,301.0,167.88590347612205,0.32027004578742724,1.0,-2.2778929977743096e-05,Q37,34.2,34.188,0.18241560937994103,45
372,7Networks_RH_Default_Temp_6,7networks_rh_default_temp,7Networks_RH_Default_Temp,default,temporal,R,284.0,156.9720223882145,0.3069544744624749,0.0,-2.2778929977743096e-05,Q37,34.2,34.188,0.18241560937994103,45
373,7Networks_RH_Default_Temp_7,7networks_rh_default_temp,7Networks_RH_Default_Temp,default,temporal,R,281.0,160.4167260784377,0.3112097210929276,34.0,-2.2778929977743096e-05,Q37,34.2,34.188,0.18241560937994103,45
374,7Networks_RH_Default_Temp_8,7networks_rh_default_temp,7Networks_RH_Default_Temp,default,temporal,R,218.0,142.46481421257977,0.28018530239122735,42488.0,-2.2778929977743096e-05,Q37,34.2,34.188,0.18241560937994103,45
375,7Networks_RH_Default_PFCv_1,7networks_rh_default_pfcv,7Networks_RH_Default_PFCv,default,ventral prefrontal cortex,R,282.0,157.082008359614,0.30698146743126176,1.0,-2.2778929977743096e-05,Q37,34.2,34.188,0.18241560937994103,45
376,7Networks_RH_Default_PFCv_2,7networks_rh_default_pfcv,7Networks_RH_Default_PFCv,default,ventral prefrontal cortex,R,357.0,192.9454657186671,0.3577318584782614,0.0,-2.2778929977743096e-05,Q37,34.2,34.188,0.18241560937994103,45
377,7Networks_RH_Default_PFCv_3,7networks_rh_default_pfcv,7Networks_RH_Default_PFCv,default,ventral prefrontal cortex,R,186.0,124.60984220064475,0.24073596304929665,149043.0,-2.2778929977743096e-05,Q37,34.2,34.188,0.18241560937994103,45
378,7Networks_RH_Default_PFCv_4,7networks_rh_default_pfcv,7Networks_RH_Default_PFCv,default,ventral prefrontal cortex,R,135.0,111.36299469926489,0.2088739999281623,142681.0,-2.2778929977743096e-05,Q37,34.2,34.188,0.18241560937994103,45
379,7Networks_RH_Default_PFCdPFCm_1,7networks_rh_default_pfcdpfcm,7Networks_RH_Default_PFCdPFCm,default,dorsal prefrontal cortex medial prefrontal cortex,R,354.0,190.99920112396327,0.35199448489129753,0.0,-2.2778929977743096e-05,Q37,34.2,34.188,0.18241560937994103,45
380,7Networks_RH_Default_PFCdPFCm_2,7networks_rh_default_pfcdpfcm,7Networks_RH_Default_PFCdPFCm,default,dorsal prefrontal cortex medial prefrontal cortex,R,209.0,135.8313061726095,0.2552716405270343,147004.0,-2.2778929977743096e-05,Q37,34.2,34.188,0.18241560937994103,45
381,7Networks_RH_Default_PFCdPFCm_3,7networks_rh_default_pfcdpfcm,7Networks_RH_Default_PFCdPFCm,default,dorsal prefrontal cortex medial prefrontal cortex,R,261.0,156.24330911389174,0.2933481060858934,5703.0,-2.2778929977743096e-05,Q37,34.2,34.188,0.18241560937994103,45
382,7Networks_RH_Default_PFCdPFCm_4,7networks_rh_default_pfcdpfcm,7Networks_RH_Default_PFCdPFCm,default,dorsal prefrontal cortex medial prefrontal cortex,R,314.0,173.3157969973139,0.32888197533695146,0.0,-2.2778929977743096e-05,Q37,34.2,34.188,0.18241560937994103,45
383,7Networks_RH_Default_PFCdPFCm_5,7networks_rh_default_pfcdpfcm,7Networks_RH_Default_PFCdPFCm,default,dorsal prefrontal cortex medial prefrontal cortex,R,300.0,169.9403696542586,0.3184240635380502,0.0,-2.2778929977743096e-05,Q37,34.2,34.188,0.18241560937994103,45
384,7Networks_RH_Default_PFCdPFCm_6,7networks_rh_default_pfcdpfcm,7Networks_RH_Default_PFCdPFCm,default,dorsal prefrontal cortex medial prefrontal cortex,R,201.0,142.53992510204645,0.27504281901932454,135074.0,-2.2778929977743096e-05,Q37,34.2,34.188,0.18241560937994103,45
385,7Networks_RH_Default_PFCdPFCm_7,7networks_rh_default_pfcdpfcm,7Networks_RH_Default_PFCdPFCm,default,dorsal prefrontal cortex medial prefrontal cortex,R,181.0,129.4627940454903,0.25678848012092936,48447.0,-2.2778929977743096e-05,Q37,34.2,34.188,0.18241560937994103,45
386,7Networks_RH_Default_PFCdPFCm_8,7networks_rh_default_pfcdpfcm,7Networks_RH_Default_PFCdPFCm,default,dorsal prefrontal cortex medial prefrontal cortex,R,235.0,140.76002182872077,0.2751433299274788,12747.0,-2.2778929977743096e-05,Q37,34.2,34.188,0.18241560937994103,45
387,7Networks_RH_Default_PFCdPFCm_9,7networks_rh_default_pfcdpfcm,7Networks_RH_Default_PFCdPFCm,default,dorsal prefrontal cortex medial prefrontal cortex,R,316.0,174.28469243211703,0.32959795888295107,0.0,-2.2778929977743096e-05,Q37,34.2,34.188,0.18241560937994103,45
388,7Networks_RH_Default_PFCdPFCm_10,7networks_rh_default_pfcdpfcm,7Networks_RH_Default_PFCdPFCm,default,dorsal prefrontal cortex medial prefrontal cortex,R,136.0,105.54093768787396,0.2096033366676158,159952.0,-2.2778929977743096e-05,Q37,34.2,34.188,0.18241560937994103,45
389,7Networks_RH_Default_PFCdPFCm_11,7networks_rh_default_pfcdpfcm,7Networks_RH_Default_PFCdPFCm,default,dorsal prefrontal cortex medial prefrontal cortex,R,132.0,116.9793685254893,0.21642410442390625,165132.0,-2.2778929977743096e-05,Q37,34.2,34.188,0.18241560937994103,45
390,7Networks_RH_Default_PFCdPFCm_12,7networks_rh_default_pfcdpfcm,7Networks_RH_Default_PFCdPFCm,default,dorsal prefrontal cortex medial prefrontal cortex,R,126.0,114.93616318217333,0.23870071478517857,6075.0,-2.2778929977743096e-05,Q37,34.2,34.188,0.18241560937994103,45
391,7Networks_RH_Default_PFCdPFCm_13,7networks_rh_default_pfcdpfcm,7Networks_RH_Default_PFCdPFCm,default,dorsal prefrontal cortex medial prefrontal cortex,R,144.0,117.32793903823176,0.2276864373291855,78533.0,-2.2778929977743096e-05,Q37,34.2,34.188,0.18241560937994103,45
392,7Networks_RH_Default_pCunPCC_1,7networks_rh_default_pcunpcc,7Networks_RH_Default_pCunPCC,default,precuneus posterior cingulate cortex,R,257.0,154.03535072986776,0.287464486593802,179769.0,-2.2778929977743096e-05,Q37,34.2,34.188,0.18241560937994103,45
393,7Networks_RH_Default_pCunPCC_2,7networks_rh_default_pcunpcc,7Networks_RH_Default_pCunPCC,default,precuneus posterior cingulate cortex,R,182.0,125.65812386866219,0.24953065222456783,103496.0,-2.2778929977743096e-05,Q37,34.2,34.188,0.18241560937994103,45
394,7Networks_RH_Default_pCunPCC_3,7networks_rh_default_pcunpcc,7Networks_RH_Default_pCunPCC,default,precuneus posterior cingulate cortex,R,242.0,149.42731687216767,0.2790241362776468,147009.0,-2.2778929977743096e-05,Q37,34.2,34.188,0.18241560937994103,45
395,7Networks_RH_Default_pCunPCC_4,7networks_rh_default_pcunpcc,7Networks_RH_Default_pCunPCC,default,precuneus posterior cingulate cortex,R,254.0,151.10447464711172,0.2943666832334078,2191.0,-2.2778929977743096e-05,Q37,34.2,34.188,0.18241560937994103,45
396,7Networks_RH_Default_pCunPCC_5,7networks_rh_default_pcunpcc,7Networks_RH_Default_pCunPCC,default,precuneus posterior cingulate cortex,R,291.0,166.11635032444323,0.31010653761138196,199761.0,-2.2778929977743096e-05,Q37,34.2,34.188,0.18241560937994103,45
397,7Networks_RH_Default_pCunPCC_6,7networks_rh_default_pcunpcc,7Networks_RH_Default_pCunPCC,default,precuneus posterior cingulate cortex,R,312.0,181.52289798125716,0.3347370363899424,0.0,-2.2778929977743096e-05,Q37,34.2,34.188,0.18241560937994103,45
398,7Networks_RH_Default_pCunPCC_7,7networks_rh_default_pcunpcc,7Networks_RH_Default_pCunPCC,default,precuneus posterior cingulate cortex,R,346.0,205.78569381706183,0.3707054144786599,0.0,-2.2778929977743096e-05,Q37,34.2,34.188,0.18241560937994103,45
399,7Networks_RH_Default_pCunPCC_8,7networks_rh_default_pcunpcc,7Networks_RH_Default_pCunPCC,default,precuneus posterior cingulate cortex,R,287.0,165.54632047316971,0.3127570741152777,512.0,-2.2778929977743096e-05,Q37,34.2,34.188,0.18241560937994103,45
400,7Networks_RH_Default_pCunPCC_9,7networks_rh_default_pcunpcc,7Networks_RH_Default_pCunPCC,default,precuneus posterior cingulate cortex,R,265.0,158.65937221600635,0.2912450990180414,123376.0,-2.2778929977743096e-05,Q37,34.2,34.188,0.18241560937994103,45
401,HIP-head-m1-rh,HIP-head-m1,"Hippocampus head, medial division",subcortex,Hippocampus head,R,82.0,89.07129486144258,0.16219925866420395,163472.0,-2.2778929977743096e-05,Q37,34.2,34.188,0.18241560937994103,45
402,HIP-head-m2-rh,HIP-head-m2,"Hippocampus head, medial division",subcortex,Hippocampus head,R,51.0,84.02103957552357,0.17357232632420963,140000.0,-2.2778929977743096e-05,Q37,34.2,34.188,0.18241560937994103,45
403,THA-VAip-rh,THA-VAip,"Thalamus, inferior ventro-anterior part, posterior division",subcortex,Thalamus,R,82.0,89.45906832795698,0.15190909238203598,173163.0,-2.2778929977743096e-05,Q37,34.2,34.188,0.18241560937994103,45
404,THA-VAia-rh,THA-VAia,"Thalamus, inferior ventro-anterior part, anterior division",subcortex,Thalamus,R,66.0,65.77383150958795,0.08875755936189121,187365.0,-2.2778929977743096e-05,Q37,34.2,34.188,0.18241560937994103,45
405,HIP-head-l-rh,HIP-head-l,"Hippocampus head, lateral division",subcortex,Hippocampus head,R,92.0,97.7080085051365,0.1899728253647783,149422.0,-2.2778929977743096e-05,Q37,34.2,34.188,0.18241560937994103,45
406,HIP-body-rh,HIP-body,Hippocampus body,subcortex,Hippocampus body,R,290.0,166.67571734925235,0.30996591268990387,5.0,-2.2778929977743096e-05,Q37,34.2,34.188,0.18241560937994103,45
407,HIP-tail-rh,HIP-tail,Hippocampus tail,subcortex,Hippocampus tail,R,18.0,52.95144823431761,0.10117450582825212,169434.0,-2.2778929977743096e-05,Q37,34.2,34.188,0.18241560937994103,45
408,THA-VPm-rh,THA-VPm,"Thalamus, medial ventro-posterior part",subcortex,Thalamus,R,144.0,115.98566691337903,0.21950311361972483,93590.0,-2.2778929977743096e-05,Q37,34.2,34.188,0.18241560937994103,45
409,THA-VPl-rh,THA-VPl,"Thalamus, lateral ventro-posterior part",subcortex,Thalamus,R,43.0,28.679189197636763,0.020578577022051892,201587.0,-2.2778929977743096e-05,Q37,34.2,34.188,0.18241560937994103,45
410,THA-VAs-rh,THA-VAs,"Thalamus, superior ventro-anterior part",subcortex,Thalamus,R,208.0,137.14994818909003,0.25223108207371964,27991.0,-2.2778929977743096e-05,Q37,34.2,34.188,0.18241560937994103,45
411,THA-DAm-rh,THA-DAm,"Thalamus, medial dorso-anterior part",subcortex,Thalamus,R,227.0,139.01155169575017,0.26166054318904536,64774.0,-2.2778929977743096e-05,Q37,34.2,34.188,0.18241560937994103,45
412,THA-DAl-rh,THA-DAl,"Thalamus, lateral dorso-anterior part",subcortex,Thalamus,R,45.0,46.58536977867117,0.049801481267962036,201211.0,-2.2778929977743096e-05,Q37,34.2,34.188,0.18241560937994103,45
413,PUT-VA-rh,PUT-VA,"Putamen, ventro-anterior part",subcortex,Putamen,R,11.0,-37.24544622112761,0.0739355921761014,200576.0,-2.2778929977743096e-05,Q37,34.2,34.188,0.18241560937994103,45
414,PUT-DA-rh,PUT-DA,"Putamen, dorso-anterior part",subcortex,Putamen,R,21.0,-1.0722036628756855,0.01551156113961803,197827.0,-2.2778929977743096e-05,Q37,34.2,34.188,0.18241560937994103,45
415,PUT-VP-rh,PUT-VP,"Putamen, ventro-posterior part",subcortex,Putamen,R,34.0,48.54047616182683,0.060592790448378175,186050.0,-2.2778929977743096e-05,Q37,34.2,34.188,0.18241560937994103,45
416,PUT-DP-rh,PUT-DP,"Putamen, dorso-posterior part",subcortex,Putamen,R,37.0,65.12725974411562,0.10192473463380917,176440.0,-2.2778929977743096e-05,Q37,34.2,34.188,0.18241560937994103,45
417,CAU-VA-rh,CAU-VA,"Caudate, ventro-anterior part",subcortex,Caudate,R,85.0,80.23980628306877,0.13628236085775478,165346.0,-2.2778929977743096e-05,Q37,34.2,34.188,0.18241560937994103,45
418,CAU-DA-rh,CAU-DA,"Caudate, dorso-anterior part",subcortex,Caudate,R,142.0,107.63222154506137,0.18994859473080147,166567.0,-2.2778929977743096e-05,Q37,34.2,34.188,0.18241560937994103,45
419,CAU-body-rh,CAU-body,Caudate body,subcortex,Caudate body,R,160.0,114.46378591762968,0.19697942449549735,165618.0,-2.2778929977743096e-05,Q37,34.2,34.188,0.18241560937994103,45
420,CAU-tail-rh,CAU-tail,Caudate tail,subcortex,Caudate tail,R,82.0,83.15110494887097,0.13250866793347427,175057.0,-2.2778929977743096e-05,Q37,34.2,34.188,0.18241560937994103,45
421,lAMY-rh,lAMY,"Amygdala, lateral nucleus",subcortex,Amygdala,R,11.0,20.65682948169759,0.021636288734917613,182466.0,-2.2778929977743096e-05,Q37,34.2,34.188,0.18241560937994103,45
422,mAMY-rh,mAMY,"Amygdala, medial nucleus",subcortex,Amygdala,R,77.0,86.32359158708242,0.16040746970834588,157053.0,-2.2778929977743096e-05,Q37,34.2,34.188,0.18241560937994103,45
423,THA-DP-rh,THA-DP,"Thalamus, dorso-posterior part",subcortex,Thalamus,R,270.0,154.83131270817321,0.2911707882973279,128973.0,-2.2778929977743096e-05,Q37,34.2,34.188,0.18241560937994103,45
424,NAc-shell-rh,NAc-shell,"Nucleus Accumbens, shell",subcortex,Nucleus Accumbens,R,7.0,-13.611946956638443,0.02029194476126038,197283.0,-2.2778929977743096e-05,Q37,34.2,34.188,0.18241560937994103,45
425,NAc-core-rh,NAc-core,"Nucleus Accumbens, core",subcortex,Nucleus Accumbens,R,22.0,34.919112002278375,0.03402117530832735,182791.0,-2.2778929977743096e-05,Q37,34.2,34.188,0.18241560937994103,45
426,pGP-rh,pGP,"Pallidum, posterior part",subcortex,Pallidum,R,1.0,-58.6976297555602,0.11658189017636846,198150.0,-2.2778929977743096e-05,Q37,34.2,34.188,0.18241560937994103,45
427,aGP-rh,aGP,"Pallidum, anterior part",subcortex,Pallidum,R,36.0,17.36818819827713,0.01442309230739999,199814.0,-2.2778929977743096e-05,Q37,34.2,34.188,0.18241560937994103,45
428,HIP-head-m1-lh,HIP-head-m1,"Hippocampus head, medial division",subcortex,Hippocampus head,L,14.0,25.23748394493734,0.025048169496916888,195135.0,-2.2778929977743096e-05,Q37,34.2,34.188,0.18241560937994103,45
429,HIP-head-m2-lh,HIP-head-m2,"Hippocampus head, medial division",subcortex,Hippocampus head,L,68.0,89.51793628630308,0.18498908186057442,159750.0,-2.2778929977743096e-05,Q37,34.2,34.188,0.18241560937994103,45
430,THA-VAip-lh,THA-VAip,"Thalamus, inferior ventro-anterior part, posterior division",subcortex,Thalamus,L,184.0,127.03916181192416,0.23880407118909777,167546.0,-2.2778929977743096e-05,Q37,34.2,34.188,0.18241560937994103,45
431,THA-VAia-lh,THA-VAia,"Thalamus, inferior ventro-anterior part, anterior division",subcortex,Thalamus,L,223.0,138.4420229151898,0.26929769862626046,692.0,-2.2778929977743096e-05,Q37,34.2,34.188,0.18241560937994103,45
432,HIP-head-l-lh,HIP-head-l,"Hippocampus head, lateral division",subcortex,Hippocampus head,L,71.0,89.3950693318546,0.17999345610070125,142006.0,-2.2778929977743096e-05,Q37,34.2,34.188,0.18241560937994103,45
433,HIP-body-lh,HIP-body,Hippocampus body,subcortex,Hippocampus body,L,283.0,163.49298442410344,0.3119751471625356,0.0,-2.2778929977743096e-05,Q37,34.2,34.188,0.18241560937994103,45
434,HIP-tail-lh,HIP-tail,Hippocampus tail,subcortex,Hippocampus tail,L,202.0,135.04158048653414,0.26852856464884484,334.0,-2.2778929977743096e-05,Q37,34.2,34.188,0.18241560937994103,45
435,THA-VPm-lh,THA-VPm,"Thalamus, medial ventro-posterior part",subcortex,Thalamus,L,154.0,118.52914257151534,0.23164163988128297,76006.0,-2.2778929977743096e-05,Q37,34.2,34.188,0.18241560937994103,45
436,THA-VPl-lh,THA-VPl,"Thalamus, lateral ventro-posterior part",subcortex,Thalamus,L,76.0,72.53722087911272,0.10869068999015505,179043.0,-2.2778929977743096e-05,Q37,34.2,34.188,0.18241560937994103,45
437,THA-VAs-lh,THA-VAs,"Thalamus, superior ventro-anterior part",subcortex,Thalamus,L,274.0,159.1055140132206,0.29956329120800235,462.0,-2.2778929977743096e-05,Q37,34.2,34.188,0.18241560937994103,45
438,THA-DAm-lh,THA-DAm,"Thalamus, medial dorso-anterior part",subcortex,Thalamus,L,193.0,126.08319726604469,0.23690391650076764,154694.0,-2.2778929977743096e-05,Q37,34.2,34.188,0.18241560937994103,45
439,THA-DAl-lh,THA-DAl,"Thalamus, lateral dorso-anterior part",subcortex,Thalamus,L,55.0,56.47518692024848,0.0710212025443815,187462.0,-2.2778929977743096e-05,Q37,34.2,34.188,0.18241560937994103,45
440,PUT-VA-lh,PUT-VA,"Putamen, ventro-anterior part",subcortex,Putamen,L,8.0,-4.494718373793973,0.009622588382927176,191974.0,-2.2778929977743096e-05,Q37,34.2,34.188,0.18241560937994103,45
441,PUT-DA-lh,PUT-DA,"Putamen, dorso-anterior part",subcortex,Putamen,L,9.0,-30.33817134672147,0.047316523265367526,198467.0,-2.2778929977743096e-05,Q37,34.2,34.188,0.18241560937994103,45
442,PUT-VP-lh,PUT-VP,"Putamen, ventro-posterior part",subcortex,Putamen,L,46.0,60.96047753688655,0.08668192609006903,189526.0,-2.2778929977743096e-05,Q37,34.2,34.188,0.18241560937994103,45
443,PUT-DP-lh,PUT-DP,"Putamen, dorso-posterior part",subcortex,Putamen,L,27.0,8.294497739159038,0.012884537620703077,194947.0,-2.2778929977743096e-05,Q37,34.2,34.188,0.18241560937994103,45
444,CAU-VA-lh,CAU-VA,"Caudate, ventro-anterior part",subcortex,Caudate,L,72.0,79.80319508879583,0.13850144271607612,195371.0,-2.2778929977743096e-05,Q37,34.2,34.188,0.18241560937994103,45
445,CAU-DA-lh,CAU-DA,"Caudate, dorso-anterior part",subcortex,Caudate,L,77.0,75.41773521620024,0.12694915453531125,182661.0,-2.2778929977743096e-05,Q37,34.2,34.188,0.18241560937994103,45
446,CAU-body-lh,CAU-body,Caudate body,subcortex,Caudate body,L,122.0,97.6393977772367,0.17569783450495932,186075.0,-2.2778929977743096e-05,Q37,34.2,34.188,0.18241560937994103,45
447,CAU-tail-lh,CAU-tail,Caudate tail,subcortex,Caudate tail,L,78.0,78.44962055420919,0.13183936943514335,180503.0,-2.2778929977743096e-05,Q37,34.2,34.188,0.18241560937994103,45
448,lAMY-lh,lAMY,"Amygdala, lateral nucleus",subcortex,Amygdala,L,5.0,-5.879447302308606,0.008799465773482302,192545.0,-2.2778929977743096e-05,Q37,34.2,34.188,0.18241560937994103,45
449,mAMY-lh,mAMY,"Amygdala, medial nucleus",subcortex,Amygdala,L,73.0,83.16005665558433,0.15146845686767843,171634.0,-2.2778929977743096e-05,Q37,34.2,34.188,0.18241560937994103,45
450,THA-DP-lh,THA-DP,"Thalamus, dorso-posterior part",subcortex,Thalamus,L,293.0,165.7801443242108,0.3118472543023933,0.0,-2.2778929977743096e-05,Q37,34.2,34.188,0.18241560937994103,45
451,NAc-shell-lh,NAc-shell,"Nucleus Accumbens, shell",subcortex,Nucleus Accumbens,L,7.0,-0.8005966391256802,0.007046483439268951,188566.0,-2.2778929977743096e-05,Q37,34.2,34.188,0.18241560937994103,45
452,NAc-core-lh,NAc-core,"Nucleus Accumbens, core",subcortex,Nucleus Accumbens,L,8.0,-9.585748195182573,0.013039558874646542,196381.0,-2.2778929977743096e-05,Q37,34.2,34.188,0.18241560937994103,45
453,pGP-lh,pGP,"Pallidum, posterior part",subcortex,Pallidum,L,13.0,17.27764383783264,0.013315063110957292,189900.0,-2.2778929977743096e-05,Q37,34.2,34.188,0.18241560937994103,45
454,aGP-lh,aGP,"Pallidum, anterior part",subcortex,Pallidum,L,20.0,-3.7284764734533784,0.019243463284581343,200213.0,-2.2778929977743096e-05,Q37,34.2,34.188,0.18241560937994103,45
