index,name,base_name,Label Name,network,component,hemisphere,degree,strength,betweenness,global_efficiency,group,median_age,mean_age,sd_age,n_participants
1,7Networks_LH_Vis_1,7networks_lh_vis,7Networks_LH_Vis,visual,visual,L,233.0,46.731208196436135,120812.0,-6.283019370443563e-06,Q22,27.07,27.08170212765957,0.1410106247760163,47
2,7Networks_LH_Vis_2,7networks_lh_vis,7Networks_LH_Vis,visual,visual,L,189.0,25.707088344667046,190645.0,-6.283019370443563e-06,Q22,27.07,27.08170212765957,0.1410106247760163,47
3,7Networks_LH_Vis_3,7networks_lh_vis,7Networks_LH_Vis,visual,visual,L,144.0,10.708185919204764,150826.0,-6.283019370443563e-06,Q22,27.07,27.08170212765957,0.1410106247760163,47
4,7Networks_LH_Vis_4,7networks_lh_vis,7Networks_LH_Vis,visual,visual,L,203.0,33.66604537373413,189541.0,-6.283019370443563e-06,Q22,27.07,27.08170212765957,0.1410106247760163,47
5,7Networks_LH_Vis_5,7networks_lh_vis,7Networks_LH_Vis,visual,visual,L,238.0,50.520128408945624,171180.0,-6.283019370443563e-06,Q22,27.07,27.08170212765957,0.1410106247760163,47
6,7Networks_LH_Vis_6,7networks_lh_vis,7Networks_LH_Vis,visual,visual,L,291.0,67.7216630988636,32769.0,-6.283019370443563e-06,Q22,27.07,27.08170212765957,0.1410106247760163,47
7,7Networks_LH_Vis_7,7networks_lh_vis,7Networks_LH_Vis,visual,visual,L,229.0,43.61512535731088,110591.0,-6.283019370443563e-06,Q22,27.07,27.08170212765957,0.1410106247760163,47
8,7Networks_LH_Vis_8,7networks_lh_vis,7Networks_LH_Vis,visual,visual,L,219.0,34.73235137244696,121226.0,-6.283019370443563e-06,Q22,27.07,27.08170212765957,0.1410106247760163,47
9,7Networks_LH_Vis_9,7networks_lh_vis,7Networks_LH_Vis,visual,visual,L,269.0,60.81542253436913,22295.0,-6.283019370443563e-06,Q22,27.07,27.08170212765957,0.1410106247760163,47
10,7Networks_LH_Vis_10,7networks_lh_vis,7Networks_LH_Vis,visual,visual,L,143.0,10.044326097155409,105685.0,-6.283019370443563e-06,Q22,27.07,27.08170212765957,0.1410106247760163,47
11,7Networks_LH_Vis_11,7networks_lh_vis,7Networks_LH_Vis,visual,visual,L,175.0,23.427833298514052,156752.0,-6.283019370443563e-06,Q22,27.07,27.08170212765957,0.1410106247760163,47
12,7Networks_LH_Vis_12,7networks_lh_vis,7Networks_LH_Vis,visual,visual,L,248.0,48.0638019569457,126952.0,-6.283019370443563e-06,Q22,27.07,27.08170212765957,0.1410106247760163,47
13,7Networks_LH_Vis_13,7networks_lh_vis,7Networks_LH_Vis,visual,visual,L,241.0,51.39822393822415,61268.0,-6.283019370443563e-06,Q22,27.07,27.08170212765957,0.1410106247760163,47
14,7Networks_LH_Vis_14,7networks_lh_vis,7Networks_LH_Vis,visual,visual,L,201.0,37.02623685677633,94400.0,-6.283019370443563e-06,Q22,27.07,27.08170212765957,0.1410106247760163,47
15,7Networks_LH_Vis_15,7networks_lh_vis,7Networks_LH_Vis,visual,visual,L,272.0,63.978580149828375,21658.0,-6.283019370443563e-06,Q22,27.07,27.08170212765957,0.1410106247760163,47
16,7Networks_LH_Vis_16,7networks_lh_vis,7Networks_LH_Vis,visual,visual,L,183.0,25.793175000993187,155213.0,-6.283019370443563e-06,Q22,27.07,27.08170212765957,0.1410106247760163,47
17,7Networks_LH_Vis_17,7networks_lh_vis,7Networks_LH_Vis,visual,visual,L,253.0,53.383304672680886,122996.0,-6.283019370443563e-06,Q22,27.07,27.08170212765957,0.1410106247760163,47
18,7Networks_LH_Vis_18,7networks_lh_vis,7Networks_LH_Vis,visual,visual,L,296.0,71.67185485179662,45047.0,-6.283019370443563e-06,Q22,27.07,27.08170212765957,0.1410106247760163,47
19,7Networks_LH_Vis_19,7networks_lh_vis,7Networks_LH_Vis,visual,visual,L,341.0,83.73711117440874,14749.0,-6.283019370443563e-06,Q22,27.07,27.08170212765957,0.1410106247760163,47
20,7Networks_LH_Vis_20,7networks_lh_vis,7Networks_LH_Vis,visual,visual,L,229.0,42.30025930599326,150614.0,-6.283019370443563e-06,Q22,27.07,27.08170212765957,0.1410106247760163,47
21,7Networks_LH_Vis_21,7networks_lh_vis,7Networks_LH_Vis,visual,visual,L,241.0,51.67806265120124,157237.0,-6.283019370443563e-06,Q22,27.07,27.08170212765957,0.1410106247760163,47
22,7Networks_LH_Vis_22,7networks_lh_vis,7Networks_LH_Vis,visual,visual,L,209.0,38.323214249047446,154353.0,-6.283019370443563e-06,Q22,27.07,27.08170212765957,0.1410106247760163,47
23,7Networks_LH_Vis_23,7networks_lh_vis,7Networks_LH_Vis,visual,visual,L,259.0,58.425336152631246,123715.0,-6.283019370443563e-06,Q22,27.07,27.08170212765957,0.1410106247760163,47
24,7Networks_LH_Vis_24,7networks_lh_vis,7Networks_LH_Vis,visual,visual,L,353.0,88.88416941206025,0.0,-6.283019370443563e-06,Q22,27.07,27.08170212765957,0.1410106247760163,47
25,7Networks_LH_Vis_25,7networks_lh_vis,7Networks_LH_Vis,visual,visual,L,295.0,76.35488041798806,12042.0,-6.283019370443563e-06,Q22,27.07,27.08170212765957,0.1410106247760163,47
26,7Networks_LH_Vis_26,7networks_lh_vis,7Networks_LH_Vis,visual,visual,L,200.0,31.20234812099242,109939.0,-6.283019370443563e-06,Q22,27.07,27.08170212765957,0.1410106247760163,47
27,7Networks_LH_Vis_27,7networks_lh_vis,7Networks_LH_Vis,visual,visual,L,258.0,54.68775669221739,34889.0,-6.283019370443563e-06,Q22,27.07,27.08170212765957,0.1410106247760163,47
28,7Networks_LH_Vis_28,7networks_lh_vis,7Networks_LH_Vis,visual,visual,L,237.0,41.414363782906825,61271.0,-6.283019370443563e-06,Q22,27.07,27.08170212765957,0.1410106247760163,47
29,7Networks_LH_Vis_29,7networks_lh_vis,7Networks_LH_Vis,visual,visual,L,297.0,69.95211254274835,4823.0,-6.283019370443563e-06,Q22,27.07,27.08170212765957,0.1410106247760163,47
30,7Networks_LH_Vis_30,7networks_lh_vis,7Networks_LH_Vis,visual,visual,L,264.0,53.579184609160805,62212.0,-6.283019370443563e-06,Q22,27.07,27.08170212765957,0.1410106247760163,47
31,7Networks_LH_Vis_31,7networks_lh_vis,7Networks_LH_Vis,visual,visual,L,279.0,64.17652252221495,115079.0,-6.283019370443563e-06,Q22,27.07,27.08170212765957,0.1410106247760163,47
32,7Networks_LH_SomMot_1,7networks_lh_sommot,7Networks_LH_SomMot,somatomotor,somatomotor,L,303.0,79.0054417010647,3934.0,-6.283019370443563e-06,Q22,27.07,27.08170212765957,0.1410106247760163,47
33,7Networks_LH_SomMot_2,7networks_lh_sommot,7Networks_LH_SomMot,somatomotor,somatomotor,L,265.0,61.567078437654246,47898.0,-6.283019370443563e-06,Q22,27.07,27.08170212765957,0.1410106247760163,47
34,7Networks_LH_SomMot_3,7networks_lh_sommot,7Networks_LH_SomMot,somatomotor,somatomotor,L,261.0,58.03593796241228,61141.0,-6.283019370443563e-06,Q22,27.07,27.08170212765957,0.1410106247760163,47
35,7Networks_LH_SomMot_4,7networks_lh_sommot,7Networks_LH_SomMot,somatomotor,somatomotor,L,296.0,74.42062043662595,72735.0,-6.283019370443563e-06,Q22,27.07,27.08170212765957,0.1410106247760163,47
36,7Networks_LH_SomMot_5,7networks_lh_sommot,7Networks_LH_SomMot,somatomotor,somatomotor,L,228.0,47.57248898756945,87770.0,-6.283019370443563e-06,Q22,27.07,27.08170212765957,0.1410106247760163,47
37,7Networks_LH_SomMot_6,7networks_lh_sommot,7Networks_LH_SomMot,somatomotor,somatomotor,L,298.0,70.3847715649076,2432.0,-6.283019370443563e-06,Q22,27.07,27.08170212765957,0.1410106247760163,47
38,7Networks_LH_SomMot_7,7networks_lh_sommot,7Networks_LH_SomMot,somatomotor,somatomotor,L,258.0,52.47809254077777,136956.0,-6.283019370443563e-06,Q22,27.07,27.08170212765957,0.1410106247760163,47
39,7Networks_LH_SomMot_8,7networks_lh_sommot,7Networks_LH_SomMot,somatomotor,somatomotor,L,214.0,37.559120674483125,111332.0,-6.283019370443563e-06,Q22,27.07,27.08170212765957,0.1410106247760163,47
40,7Networks_LH_SomMot_9,7networks_lh_sommot,7Networks_LH_SomMot,somatomotor,somatomotor,L,245.0,48.83343689274394,61191.0,-6.283019370443563e-06,Q22,27.07,27.08170212765957,0.1410106247760163,47
41,7Networks_LH_SomMot_10,7networks_lh_sommot,7Networks_LH_SomMot,somatomotor,somatomotor,L,130.0,3.235585959717085,199329.0,-6.283019370443563e-06,Q22,27.07,27.08170212765957,0.1410106247760163,47
42,7Networks_LH_SomMot_11,7networks_lh_sommot,7Networks_LH_SomMot,somatomotor,somatomotor,L,123.0,6.651984041943762,146838.0,-6.283019370443563e-06,Q22,27.07,27.08170212765957,0.1410106247760163,47
43,7Networks_LH_SomMot_12,7networks_lh_sommot,7Networks_LH_SomMot,somatomotor,somatomotor,L,271.0,59.89209821589686,32845.0,-6.283019370443563e-06,Q22,27.07,27.08170212765957,0.1410106247760163,47
44,7Networks_LH_SomMot_13,7networks_lh_sommot,7Networks_LH_SomMot,somatomotor,somatomotor,L,80.0,-16.737160710033944,175044.0,-6.283019370443563e-06,Q22,27.07,27.08170212765957,0.1410106247760163,47
45,7Networks_LH_SomMot_14,7networks_lh_sommot,7Networks_LH_SomMot,somatomotor,somatomotor,L,245.0,48.53101578558194,166096.0,-6.283019370443563e-06,Q22,27.07,27.08170212765957,0.1410106247760163,47
46,7Networks_LH_SomMot_15,7networks_lh_sommot,7Networks_LH_SomMot,somatomotor,somatomotor,L,145.0,10.412872115961282,131513.0,-6.283019370443563e-06,Q22,27.07,27.08170212765957,0.1410106247760163,47
47,7Networks_LH_SomMot_16,7networks_lh_sommot,7Networks_LH_SomMot,somatomotor,somatomotor,L,235.0,49.33804603907283,122324.0,-6.283019370443563e-06,Q22,27.07,27.08170212765957,0.1410106247760163,47
48,7Networks_LH_SomMot_17,7networks_lh_sommot,7Networks_LH_SomMot,somatomotor,somatomotor,L,234.0,49.66600542817692,91588.0,-6.283019370443563e-06,Q22,27.07,27.08170212765957,0.1410106247760163,47
49,7Networks_LH_SomMot_18,7networks_lh_sommot,7Networks_LH_SomMot,somatomotor,somatomotor,L,195.0,26.296834485209537,107215.0,-6.283019370443563e-06,Q22,27.07,27.08170212765957,0.1410106247760163,47
50,7Networks_LH_SomMot_19,7networks_lh_sommot,7Networks_LH_SomMot,somatomotor,somatomotor,L,298.0,73.61426516805217,22618.0,-6.283019370443563e-06,Q22,27.07,27.08170212765957,0.1410106247760163,47
51,7Networks_LH_SomMot_20,7networks_lh_sommot,7Networks_LH_SomMot,somatomotor,somatomotor,L,179.0,24.360078520106132,86112.0,-6.283019370443563e-06,Q22,27.07,27.08170212765957,0.1410106247760163,47
52,7Networks_LH_SomMot_21,7networks_lh_sommot,7Networks_LH_SomMot,somatomotor,somatomotor,L,212.0,37.10576076008441,72315.0,-6.283019370443563e-06,Q22,27.07,27.08170212765957,0.1410106247760163,47
53,7Networks_LH_SomMot_22,7networks_lh_sommot,7Networks_LH_SomMot,somatomotor,somatomotor,L,249.0,53.61137442758962,44134.0,-6.283019370443563e-06,Q22,27.07,27.08170212765957,0.1410106247760163,47
54,7Networks_LH_SomMot_23,7networks_lh_sommot,7Networks_LH_SomMot,somatomotor,somatomotor,L,209.0,38.592498940126404,111179.0,-6.283019370443563e-06,Q22,27.07,27.08170212765957,0.1410106247760163,47
55,7Networks_LH_SomMot_24,7networks_lh_sommot,7Networks_LH_SomMot,somatomotor,somatomotor,L,209.0,41.27771263588642,68448.0,-6.283019370443563e-06,Q22,27.07,27.08170212765957,0.1410106247760163,47
56,7Networks_LH_SomMot_25,7networks_lh_sommot,7Networks_LH_SomMot,somatomotor,somatomotor,L,179.0,26.324818005290894,179790.0,-6.283019370443563e-06,Q22,27.07,27.08170212765957,0.1410106247760163,47
57,7Networks_LH_SomMot_26,7networks_lh_sommot,7Networks_LH_SomMot,somatomotor,somatomotor,L,183.0,29.66769267962713,157443.0,-6.283019370443563e-06,Q22,27.07,27.08170212765957,0.1410106247760163,47
58,7Networks_LH_SomMot_27,7networks_lh_sommot,7Networks_LH_SomMot,somatomotor,somatomotor,L,222.0,39.25157375791452,95902.0,-6.283019370443563e-06,Q22,27.07,27.08170212765957,0.1410106247760163,47
59,7Networks_LH_SomMot_28,7networks_lh_sommot,7Networks_LH_SomMot,somatomotor,somatomotor,L,324.0,85.49058594201205,1385.0,-6.283019370443563e-06,Q22,27.07,27.08170212765957,0.1410106247760163,47
60,7Networks_LH_SomMot_29,7networks_lh_sommot,7Networks_LH_SomMot,somatomotor,somatomotor,L,325.0,82.84014645321136,110.0,-6.283019370443563e-06,Q22,27.07,27.08170212765957,0.1410106247760163,47
61,7Networks_LH_SomMot_30,7networks_lh_sommot,7Networks_LH_SomMot,somatomotor,somatomotor,L,220.0,43.17184218018432,65723.0,-6.283019370443563e-06,Q22,27.07,27.08170212765957,0.1410106247760163,47
62,7Networks_LH_SomMot_31,7networks_lh_sommot,7Networks_LH_SomMot,somatomotor,somatomotor,L,201.0,31.227928348436947,107713.0,-6.283019370443563e-06,Q22,27.07,27.08170212765957,0.1410106247760163,47
63,7Networks_LH_SomMot_32,7networks_lh_sommot,7Networks_LH_SomMot,somatomotor,somatomotor,L,259.0,57.28145310423914,42452.0,-6.283019370443563e-06,Q22,27.07,27.08170212765957,0.1410106247760163,47
64,7Networks_LH_SomMot_33,7networks_lh_sommot,7Networks_LH_SomMot,somatomotor,somatomotor,L,260.0,51.401337513441526,29877.0,-6.283019370443563e-06,Q22,27.07,27.08170212765957,0.1410106247760163,47
65,7Networks_LH_SomMot_34,7networks_lh_sommot,7Networks_LH_SomMot,somatomotor,somatomotor,L,154.0,12.827428750908103,160051.0,-6.283019370443563e-06,Q22,27.07,27.08170212765957,0.1410106247760163,47
66,7Networks_LH_SomMot_35,7networks_lh_sommot,7Networks_LH_SomMot,somatomotor,somatomotor,L,332.0,88.3321694781623,4.0,-6.283019370443563e-06,Q22,27.07,27.08170212765957,0.1410106247760163,47
67,7Networks_LH_SomMot_36,7networks_lh_sommot,7Networks_LH_SomMot,somatomotor,somatomotor,L,209.0,38.777998396638225,68150.0,-6.283019370443563e-06,Q22,27.07,27.08170212765957,0.1410106247760163,47
68,7Networks_LH_SomMot_37,7networks_lh_sommot,7Networks_LH_SomMot,somatomotor,somatomotor,L,178.0,31.017705812048746,104092.0,-6.283019370443563e-06,Q22,27.07,27.08170212765957,0.1410106247760163,47
69,7Networks_LH_DorsAttn_Post_1,7networks_lh_dorsattn_post,7Networks_LH_DorsAttn_Post,dorsal attention,posterior,L,301.0,67.64599459394685,142078.0,-6.283019370443563e-06,Q22,27.07,27.08170212765957,0.1410106247760163,47
70,7Networks_LH_DorsAttn_Post_2,7networks_lh_dorsattn_post,7Networks_LH_DorsAttn_Post,dorsal attention,posterior,L,278.0,60.84426148905715,70719.0,-6.283019370443563e-06,Q22,27.07,27.08170212765957,0.1410106247760163,47
71,7Networks_LH_DorsAttn_Post_3,7networks_lh_dorsattn_post,7Networks_LH_DorsAttn_Post,dorsal attention,posterior,L,216.0,42.06030067458,69252.0,-6.283019370443563e-06,Q22,27.07,27.08170212765957,0.1410106247760163,47
72,7Networks_LH_DorsAttn_Post_4,7networks_lh_dorsattn_post,7Networks_LH_DorsAttn_Post,dorsal attention,posterior,L,178.0,24.74558147267012,144738.0,-6.283019370443563e-06,Q22,27.07,27.08170212765957,0.1410106247760163,47
73,7Networks_LH_DorsAttn_Post_5,7networks_lh_dorsattn_post,7Networks_LH_DorsAttn_Post,dorsal attention,posterior,L,212.0,39.025960051071955,164365.0,-6.283019370443563e-06,Q22,27.07,27.08170212765957,0.1410106247760163,47
74,7Networks_LH_DorsAttn_Post_6,7networks_lh_dorsattn_post,7Networks_LH_DorsAttn_Post,dorsal attention,posterior,L,139.0,16.4719776154269,128987.0,-6.283019370443563e-06,Q22,27.07,27.08170212765957,0.1410106247760163,47
75,7Networks_LH_DorsAttn_Post_7,7networks_lh_dorsattn_post,7Networks_LH_DorsAttn_Post,dorsal attention,posterior,L,248.0,54.2711994513938,80068.0,-6.283019370443563e-06,Q22,27.07,27.08170212765957,0.1410106247760163,47
76,7Networks_LH_DorsAttn_Post_8,7networks_lh_dorsattn_post,7Networks_LH_DorsAttn_Post,dorsal attention,posterior,L,227.0,47.039040170008555,58032.0,-6.283019370443563e-06,Q22,27.07,27.08170212765957,0.1410106247760163,47
77,7Networks_LH_DorsAttn_Post_9,7networks_lh_dorsattn_post,7Networks_LH_DorsAttn_Post,dorsal attention,posterior,L,98.0,-8.942185237539185,162271.0,-6.283019370443563e-06,Q22,27.07,27.08170212765957,0.1410106247760163,47
78,7Networks_LH_DorsAttn_Post_10,7networks_lh_dorsattn_post,7Networks_LH_DorsAttn_Post,dorsal attention,posterior,L,120.0,-0.8325746869648734,164179.0,-6.283019370443563e-06,Q22,27.07,27.08170212765957,0.1410106247760163,47
79,7Networks_LH_DorsAttn_Post_11,7networks_lh_dorsattn_post,7Networks_LH_DorsAttn_Post,dorsal attention,posterior,L,231.0,46.61013704036086,68581.0,-6.283019370443563e-06,Q22,27.07,27.08170212765957,0.1410106247760163,47
80,7Networks_LH_DorsAttn_Post_12,7networks_lh_dorsattn_post,7Networks_LH_DorsAttn_Post,dorsal attention,posterior,L,169.0,13.234869895399415,158382.0,-6.283019370443563e-06,Q22,27.07,27.08170212765957,0.1410106247760163,47
81,7Networks_LH_DorsAttn_Post_13,7networks_lh_dorsattn_post,7Networks_LH_DorsAttn_Post,dorsal attention,posterior,L,187.0,27.3820167632626,141302.0,-6.283019370443563e-06,Q22,27.07,27.08170212765957,0.1410106247760163,47
82,7Networks_LH_DorsAttn_Post_14,7networks_lh_dorsattn_post,7Networks_LH_DorsAttn_Post,dorsal attention,posterior,L,154.0,20.99781251483792,156798.0,-6.283019370443563e-06,Q22,27.07,27.08170212765957,0.1410106247760163,47
83,7Networks_LH_DorsAttn_Post_15,7networks_lh_dorsattn_post,7Networks_LH_DorsAttn_Post,dorsal attention,posterior,L,156.0,14.165231186158168,117101.0,-6.283019370443563e-06,Q22,27.07,27.08170212765957,0.1410106247760163,47
84,7Networks_LH_DorsAttn_Post_16,7networks_lh_dorsattn_post,7Networks_LH_DorsAttn_Post,dorsal attention,posterior,L,150.0,15.281000126907335,150502.0,-6.283019370443563e-06,Q22,27.07,27.08170212765957,0.1410106247760163,47
85,7Networks_LH_DorsAttn_Post_17,7networks_lh_dorsattn_post,7Networks_LH_DorsAttn_Post,dorsal attention,posterior,L,124.0,4.187354574129366,159240.0,-6.283019370443563e-06,Q22,27.07,27.08170212765957,0.1410106247760163,47
86,7Networks_LH_DorsAttn_FEF_1,7networks_lh_dorsattn_fef,7Networks_LH_DorsAttn_FEF,dorsal attention,frontal eye fields,L,270.0,61.75672818543171,25742.0,-6.283019370443563e-06,Q22,27.07,27.08170212765957,0.1410106247760163,47
87,7Networks_LH_DorsAttn_FEF_2,7networks_lh_dorsattn_fef,7Networks_LH_DorsAttn_FEF,dorsal attention,frontal eye fields,L,182.0,23.003548979737964,133866.0,-6.283019370443563e-06,Q22,27.07,27.08170212765957,0.1410106247760163,47
88,7Networks_LH_DorsAttn_FEF_3,7networks_lh_dorsattn_fef,7Networks_LH_DorsAttn_FEF,dorsal attention,frontal eye fields,L,148.0,14.429393144484733,143491.0,-6.283019370443563e-06,Q22,27.07,27.08170212765957,0.1410106247760163,47
89,7Networks_LH_DorsAttn_FEF_4,7networks_lh_dorsattn_fef,7Networks_LH_DorsAttn_FEF,dorsal attention,frontal eye fields,L,202.0,30.41222241133361,157236.0,-6.283019370443563e-06,Q22,27.07,27.08170212765957,0.1410106247760163,47
90,7Networks_LH_DorsAttn_PrCv_1,7networks_lh_dorsattn_prcv,7Networks_LH_DorsAttn_PrCv,dorsal attention,precentral ventral,L,254.0,53.487797121840046,28544.0,-6.283019370443563e-06,Q22,27.07,27.08170212765957,0.1410106247760163,47
91,7Networks_LH_DorsAttn_PrCv_2,7networks_lh_dorsattn_prcv,7Networks_LH_DorsAttn_PrCv,dorsal attention,precentral ventral,L,221.0,39.658516596557305,85166.0,-6.283019370443563e-06,Q22,27.07,27.08170212765957,0.1410106247760163,47
92,7Networks_LH_SalVentAttn_ParOper_1,7networks_lh_salventattn_paroper,7Networks_LH_SalVentAttn_ParOper,salience / ventral attention,parietal operculum,L,264.0,54.02000164568381,51534.0,-6.283019370443563e-06,Q22,27.07,27.08170212765957,0.1410106247760163,47
93,7Networks_LH_SalVentAttn_ParOper_2,7networks_lh_salventattn_paroper,7Networks_LH_SalVentAttn_ParOper,salience / ventral attention,parietal operculum,L,196.0,34.029781414745756,107667.0,-6.283019370443563e-06,Q22,27.07,27.08170212765957,0.1410106247760163,47
94,7Networks_LH_SalVentAttn_ParOper_3,7networks_lh_salventattn_paroper,7Networks_LH_SalVentAttn_ParOper,salience / ventral attention,parietal operculum,L,155.0,19.685985598688927,116135.0,-6.283019370443563e-06,Q22,27.07,27.08170212765957,0.1410106247760163,47
95,7Networks_LH_SalVentAttn_ParOper_4,7networks_lh_salventattn_paroper,7Networks_LH_SalVentAttn_ParOper,salience / ventral attention,parietal operculum,L,262.0,54.9192311539154,51615.0,-6.283019370443563e-06,Q22,27.07,27.08170212765957,0.1410106247760163,47
96,7Networks_LH_SalVentAttn_TempOcc_1,7networks_lh_salventattn_tempocc,7Networks_LH_SalVentAttn_TempOcc,salience / ventral attention,temporal occipital,L,241.0,48.55314349233388,101896.0,-6.283019370443563e-06,Q22,27.07,27.08170212765957,0.1410106247760163,47
97,7Networks_LH_SalVentAttn_FrOperIns_1,7networks_lh_salventattn_froperins,7Networks_LH_SalVentAttn_FrOperIns,salience / ventral attention,frontal operculum insula,L,300.0,74.9390941247701,43679.0,-6.283019370443563e-06,Q22,27.07,27.08170212765957,0.1410106247760163,47
98,7Networks_LH_SalVentAttn_FrOperIns_2,7networks_lh_salventattn_froperins,7Networks_LH_SalVentAttn_FrOperIns,salience / ventral attention,frontal operculum insula,L,320.0,82.57313089533214,2000.0,-6.283019370443563e-06,Q22,27.07,27.08170212765957,0.1410106247760163,47
99,7Networks_LH_SalVentAttn_FrOperIns_3,7networks_lh_salventattn_froperins,7Networks_LH_SalVentAttn_FrOperIns,salience / ventral attention,frontal operculum insula,L,260.0,57.08254976634519,39447.0,-6.283019370443563e-06,Q22,27.07,27.08170212765957,0.1410106247760163,47
100,7Networks_LH_SalVentAttn_FrOperIns_4,7networks_lh_salventattn_froperins,7Networks_LH_SalVentAttn_FrOperIns,salience / ventral attention,frontal operculum insula,L,321.0,80.4965719792127,41.0,-6.283019370443563e-06,Q22,27.07,27.08170212765957,0.1410106247760163,47
101,7Networks_LH_SalVentAttn_FrOperIns_5,7networks_lh_salventattn_froperins,7Networks_LH_SalVentAttn_FrOperIns,salience / ventral attention,frontal operculum insula,L,207.0,41.595767588688666,159214.0,-6.283019370443563e-06,Q22,27.07,27.08170212765957,0.1410106247760163,47
102,7Networks_LH_SalVentAttn_FrOperIns_6,7networks_lh_salventattn_froperins,7Networks_LH_SalVentAttn_FrOperIns,salience / ventral attention,frontal operculum insula,L,291.0,67.62054242225983,14542.0,-6.283019370443563e-06,Q22,27.07,27.08170212765957,0.1410106247760163,47
103,7Networks_LH_SalVentAttn_FrOperIns_7,7networks_lh_salventattn_froperins,7Networks_LH_SalVentAttn_FrOperIns,salience / ventral attention,frontal operculum insula,L,295.0,69.31306074603332,191079.0,-6.283019370443563e-06,Q22,27.07,27.08170212765957,0.1410106247760163,47
104,7Networks_LH_SalVentAttn_FrOperIns_8,7networks_lh_salventattn_froperins,7Networks_LH_SalVentAttn_FrOperIns,salience / ventral attention,frontal operculum insula,L,301.0,71.54209722439147,23696.0,-6.283019370443563e-06,Q22,27.07,27.08170212765957,0.1410106247760163,47
105,7Networks_LH_SalVentAttn_FrOperIns_9,7networks_lh_salventattn_froperins,7Networks_LH_SalVentAttn_FrOperIns,salience / ventral attention,frontal operculum insula,L,289.0,65.44989562660194,99229.0,-6.283019370443563e-06,Q22,27.07,27.08170212765957,0.1410106247760163,47
106,7Networks_LH_SalVentAttn_PFCl_1,7networks_lh_salventattn_pfcl,7Networks_LH_SalVentAttn_PFCl,salience / ventral attention,lateral prefrontal cortex,L,203.0,38.69886006057934,132680.0,-6.283019370443563e-06,Q22,27.07,27.08170212765957,0.1410106247760163,47
107,7Networks_LH_SalVentAttn_Med_1,7networks_lh_salventattn_med,7Networks_LH_SalVentAttn_Med,salience / ventral attention,medial,L,219.0,37.68129998600195,178559.0,-6.283019370443563e-06,Q22,27.07,27.08170212765957,0.1410106247760163,47
108,7Networks_LH_SalVentAttn_Med_2,7networks_lh_salventattn_med,7Networks_LH_SalVentAttn_Med,salience / ventral attention,medial,L,265.0,51.113534623529745,188943.0,-6.283019370443563e-06,Q22,27.07,27.08170212765957,0.1410106247760163,47
109,7Networks_LH_SalVentAttn_Med_3,7networks_lh_salventattn_med,7Networks_LH_SalVentAttn_Med,salience / ventral attention,medial,L,186.0,26.56125770145301,162800.0,-6.283019370443563e-06,Q22,27.07,27.08170212765957,0.1410106247760163,47
110,7Networks_LH_SalVentAttn_Med_4,7networks_lh_salventattn_med,7Networks_LH_SalVentAttn_Med,salience / ventral attention,medial,L,210.0,38.997466006692875,155081.0,-6.283019370443563e-06,Q22,27.07,27.08170212765957,0.1410106247760163,47
111,7Networks_LH_SalVentAttn_Med_5,7networks_lh_salventattn_med,7Networks_LH_SalVentAttn_Med,salience / ventral attention,medial,L,207.0,37.101272730149894,183698.0,-6.283019370443563e-06,Q22,27.07,27.08170212765957,0.1410106247760163,47
112,7Networks_LH_SalVentAttn_Med_6,7networks_lh_salventattn_med,7Networks_LH_SalVentAttn_Med,salience / ventral attention,medial,L,263.0,57.32341525819439,45807.0,-6.283019370443563e-06,Q22,27.07,27.08170212765957,0.1410106247760163,47
113,7Networks_LH_SalVentAttn_Med_7,7networks_lh_salventattn_med,7Networks_LH_SalVentAttn_Med,salience / ventral attention,medial,L,144.0,4.923145766006128,199235.0,-6.283019370443563e-06,Q22,27.07,27.08170212765957,0.1410106247760163,47
114,7Networks_LH_Limbic_OFC_1,7networks_lh_limbic_ofc,7Networks_LH_Limbic_OFC,limbic,orbital frontal cortex,L,84.0,-16.837460228113375,171632.0,-6.283019370443563e-06,Q22,27.07,27.08170212765957,0.1410106247760163,47
115,7Networks_LH_Limbic_OFC_2,7networks_lh_limbic_ofc,7Networks_LH_Limbic_OFC,limbic,orbital frontal cortex,L,262.0,53.1137139754204,129214.0,-6.283019370443563e-06,Q22,27.07,27.08170212765957,0.1410106247760163,47
116,7Networks_LH_Limbic_OFC_3,7networks_lh_limbic_ofc,7Networks_LH_Limbic_OFC,limbic,orbital frontal cortex,L,236.0,48.775706622723774,76512.0,-6.283019370443563e-06,Q22,27.07,27.08170212765957,0.1410106247760163,47
117,7Networks_LH_Limbic_OFC_4,7networks_lh_limbic_ofc,7Networks_LH_Limbic_OFC,limbic,orbital frontal cortex,L,183.0,29.914483027272585,141468.0,-6.283019370443563e-06,Q22,27.07,27.08170212765957,0.1410106247760163,47
118,7Networks_LH_Limbic_OFC_5,7networks_lh_limbic_ofc,7Networks_LH_Limbic_OFC,limbic,orbital frontal cortex,L,296.0,68.24015770880895,19538.0,-6.283019370443563e-06,Q22,27.07,27.08170212765957,0.1410106247760163,47
119,7Networks_LH_Limbic_TempPole_1,7networks_lh_limbic_temppole,7Networks_LH_Limbic_TempPole,limbic,temporal pole,L,149.0,11.385752572544858,198203.0,-6.283019370443563e-06,Q22,27.07,27.08170212765957,0.1410106247760163,47
120,7Networks_LH_Limbic_TempPole_2,7networks_lh_limbic_temppole,7Networks_LH_Limbic_TempPole,limbic,temporal pole,L,132.0,5.559733159335636,176809.0,-6.283019370443563e-06,Q22,27.07,27.08170212765957,0.1410106247760163,47
121,7Networks_LH_Limbic_TempPole_3,7networks_lh_limbic_temppole,7Networks_LH_Limbic_TempPole,limbic,temporal pole,L,202.0,29.124405693625214,179948.0,-6.283019370443563e-06,Q22,27.07,27.08170212765957,0.1410106247760163,47
122,7Networks_LH_Limbic_TempPole_4,7networks_lh_limbic_temppole,7Networks_LH_Limbic_TempPole,limbic,temporal pole,L,190.0,26.502132600908674,193195.0,-6.283019370443563e-06,Q22,27.07,27.08170212765957,0.1410106247760163,47
123,7Networks_LH_Limbic_TempPole_5,7networks_lh_limbic_temppole,7Networks_LH_Limbic_TempPole,limbic,temporal pole,L,177.0,29.948245963847338,104692.0,-6.283019370443563e-06,Q22,27.07,27.08170212765957,0.1410106247760163,47
124,7Networks_LH_Limbic_TempPole_6,7networks_lh_limbic_temppole,7Networks_LH_Limbic_TempPole,limbic,temporal pole,L,172.0,24.956298179770602,161482.0,-6.283019370443563e-06,Q22,27.07,27.08170212765957,0.1410106247760163,47
125,7Networks_LH_Limbic_TempPole_7,7networks_lh_limbic_temppole,7Networks_LH_Limbic_TempPole,limbic,temporal pole,L,270.0,65.64682182661828,27305.0,-6.283019370443563e-06,Q22,27.07,27.08170212765957,0.1410106247760163,47
126,7Networks_LH_Limbic_TempPole_8,7networks_lh_limbic_temppole,7Networks_LH_Limbic_TempPole,limbic,temporal pole,L,181.0,26.173687710045623,108997.0,-6.283019370443563e-06,Q22,27.07,27.08170212765957,0.1410106247760163,47
127,7Networks_LH_Cont_Par_1,7networks_lh_cont_par,7Networks_LH_Cont_Par,control,parietal ,L,318.0,76.84447019468033,15614.0,-6.283019370443563e-06,Q22,27.07,27.08170212765957,0.1410106247760163,47
128,7Networks_LH_Cont_Par_2,7networks_lh_cont_par,7Networks_LH_Cont_Par,control,parietal ,L,222.0,40.89923271019687,73667.0,-6.283019370443563e-06,Q22,27.07,27.08170212765957,0.1410106247760163,47
129,7Networks_LH_Cont_Par_3,7networks_lh_cont_par,7Networks_LH_Cont_Par,control,parietal ,L,268.0,60.41644149275172,32212.0,-6.283019370443563e-06,Q22,27.07,27.08170212765957,0.1410106247760163,47
130,7Networks_LH_Cont_Par_4,7networks_lh_cont_par,7Networks_LH_Cont_Par,control,parietal ,L,148.0,12.997794495842315,122901.0,-6.283019370443563e-06,Q22,27.07,27.08170212765957,0.1410106247760163,47
131,7Networks_LH_Cont_Par_5,7networks_lh_cont_par,7Networks_LH_Cont_Par,control,parietal ,L,187.0,27.86146870531535,101003.0,-6.283019370443563e-06,Q22,27.07,27.08170212765957,0.1410106247760163,47
132,7Networks_LH_Cont_Par_6,7networks_lh_cont_par,7Networks_LH_Cont_Par,control,parietal ,L,224.0,43.170024143448074,101654.0,-6.283019370443563e-06,Q22,27.07,27.08170212765957,0.1410106247760163,47
133,7Networks_LH_Cont_Temp_1,7networks_lh_cont_temp,7Networks_LH_Cont_Temp,control,temporal,L,217.0,40.10586606284661,57638.0,-6.283019370443563e-06,Q22,27.07,27.08170212765957,0.1410106247760163,47
134,7Networks_LH_Cont_OFC_1,7networks_lh_cont_ofc,7Networks_LH_Cont_OFC,control,orbital frontal cortex,L,240.0,46.09091449694924,69374.0,-6.283019370443563e-06,Q22,27.07,27.08170212765957,0.1410106247760163,47
135,7Networks_LH_Cont_PFCl_1,7networks_lh_cont_pfcl,7Networks_LH_Cont_PFCl,control,lateral prefrontal cortex,L,283.0,63.793695235907215,85580.0,-6.283019370443563e-06,Q22,27.07,27.08170212765957,0.1410106247760163,47
136,7Networks_LH_Cont_PFCl_2,7networks_lh_cont_pfcl,7Networks_LH_Cont_PFCl,control,lateral prefrontal cortex,L,270.0,58.52103594566968,84254.0,-6.283019370443563e-06,Q22,27.07,27.08170212765957,0.1410106247760163,47
137,7Networks_LH_Cont_PFCl_3,7networks_lh_cont_pfcl,7Networks_LH_Cont_PFCl,control,lateral prefrontal cortex,L,274.0,63.37127210033952,29404.0,-6.283019370443563e-06,Q22,27.07,27.08170212765957,0.1410106247760163,47
138,7Networks_LH_Cont_PFCl_4,7networks_lh_cont_pfcl,7Networks_LH_Cont_PFCl,control,lateral prefrontal cortex,L,258.0,56.93708799666436,115277.0,-6.283019370443563e-06,Q22,27.07,27.08170212765957,0.1410106247760163,47
139,7Networks_LH_Cont_PFCl_5,7networks_lh_cont_pfcl,7Networks_LH_Cont_PFCl,control,lateral prefrontal cortex,L,270.0,54.390467309993014,191353.0,-6.283019370443563e-06,Q22,27.07,27.08170212765957,0.1410106247760163,47
140,7Networks_LH_Cont_PFCl_6,7networks_lh_cont_pfcl,7Networks_LH_Cont_PFCl,control,lateral prefrontal cortex,L,246.0,50.67313274442421,54200.0,-6.283019370443563e-06,Q22,27.07,27.08170212765957,0.1410106247760163,47
141,7Networks_LH_Cont_PFCl_7,7networks_lh_cont_pfcl,7Networks_LH_Cont_PFCl,control,lateral prefrontal cortex,L,198.0,33.91148295289858,159638.0,-6.283019370443563e-06,Q22,27.07,27.08170212765957,0.1410106247760163,47
142,7Networks_LH_Cont_PFCl_8,7networks_lh_cont_pfcl,7Networks_LH_Cont_PFCl,control,lateral prefrontal cortex,L,173.0,25.50635369328833,98508.0,-6.283019370443563e-06,Q22,27.07,27.08170212765957,0.1410106247760163,47
143,7Networks_LH_Cont_PFCv_1,7networks_lh_cont_pfcv,7Networks_LH_Cont_PFCv,control,ventral prefrontal cortex,L,272.0,62.297414331438496,67197.0,-6.283019370443563e-06,Q22,27.07,27.08170212765957,0.1410106247760163,47
144,7Networks_LH_Cont_pCun_1,7networks_lh_cont_pcun,7Networks_LH_Cont_pCun,control,precuneus,L,227.0,38.82612240197138,165652.0,-6.283019370443563e-06,Q22,27.07,27.08170212765957,0.1410106247760163,47
145,7Networks_LH_Cont_pCun_2,7networks_lh_cont_pcun,7Networks_LH_Cont_pCun,control,precuneus,L,153.0,19.849836476038213,115303.0,-6.283019370443563e-06,Q22,27.07,27.08170212765957,0.1410106247760163,47
146,7Networks_LH_Cont_Cing_1,7networks_lh_cont_cing,7Networks_LH_Cont_Cing,control,cingulate,L,244.0,44.433876199609145,67788.0,-6.283019370443563e-06,Q22,27.07,27.08170212765957,0.1410106247760163,47
147,7Networks_LH_Cont_Cing_2,7networks_lh_cont_cing,7Networks_LH_Cont_Cing,control,cingulate,L,234.0,45.491955761014246,161671.0,-6.283019370443563e-06,Q22,27.07,27.08170212765957,0.1410106247760163,47
148,7Networks_LH_Cont_PFCmp_1,7networks_lh_cont_pfcmp,7Networks_LH_Cont_PFCmp,control,medial posterior prefrontal cortex,L,239.0,48.08802372115907,101353.0,-6.283019370443563e-06,Q22,27.07,27.08170212765957,0.1410106247760163,47
149,7Networks_LH_Default_Temp_1,7networks_lh_default_temp,7Networks_LH_Default_Temp,default,temporal,L,231.0,44.96309306412351,95509.0,-6.283019370443563e-06,Q22,27.07,27.08170212765957,0.1410106247760163,47
150,7Networks_LH_Default_Temp_2,7networks_lh_default_temp,7Networks_LH_Default_Temp,default,temporal,L,285.0,66.53662342595668,42061.0,-6.283019370443563e-06,Q22,27.07,27.08170212765957,0.1410106247760163,47
151,7Networks_LH_Default_Temp_3,7networks_lh_default_temp,7Networks_LH_Default_Temp,default,temporal,L,284.0,62.70212163990017,52358.0,-6.283019370443563e-06,Q22,27.07,27.08170212765957,0.1410106247760163,47
152,7Networks_LH_Default_Temp_4,7networks_lh_default_temp,7Networks_LH_Default_Temp,default,temporal,L,287.0,64.86611192289945,39486.0,-6.283019370443563e-06,Q22,27.07,27.08170212765957,0.1410106247760163,47
153,7Networks_LH_Default_Temp_5,7networks_lh_default_temp,7Networks_LH_Default_Temp,default,temporal,L,245.0,54.04591183461623,160560.0,-6.283019370443563e-06,Q22,27.07,27.08170212765957,0.1410106247760163,47
154,7Networks_LH_Default_Temp_6,7networks_lh_default_temp,7Networks_LH_Default_Temp,default,temporal,L,227.0,44.93712357593314,109224.0,-6.283019370443563e-06,Q22,27.07,27.08170212765957,0.1410106247760163,47
155,7Networks_LH_Default_Temp_7,7networks_lh_default_temp,7Networks_LH_Default_Temp,default,temporal,L,184.0,28.594206247254846,88328.0,-6.283019370443563e-06,Q22,27.07,27.08170212765957,0.1410106247760163,47
156,7Networks_LH_Default_Temp_8,7networks_lh_default_temp,7Networks_LH_Default_Temp,default,temporal,L,207.0,35.124785812295045,154357.0,-6.283019370443563e-06,Q22,27.07,27.08170212765957,0.1410106247760163,47
157,7Networks_LH_Default_Temp_9,7networks_lh_default_temp,7Networks_LH_Default_Temp,default,temporal,L,224.0,40.929234082167085,114314.0,-6.283019370443563e-06,Q22,27.07,27.08170212765957,0.1410106247760163,47
158,7Networks_LH_Default_Temp_10,7networks_lh_default_temp,7Networks_LH_Default_Temp,default,temporal,L,141.0,8.876050087247078,157689.0,-6.283019370443563e-06,Q22,27.07,27.08170212765957,0.1410106247760163,47
159,7Networks_LH_Default_Par_1,7networks_lh_default_par,7Networks_LH_Default_Par,default,parietal,L,203.0,36.35305259047102,140131.0,-6.283019370443563e-06,Q22,27.07,27.08170212765957,0.1410106247760163,47
160,7Networks_LH_Default_Par_2,7networks_lh_default_par,7Networks_LH_Default_Par,default,parietal,L,226.0,40.297152010346814,112080.0,-6.283019370443563e-06,Q22,27.07,27.08170212765957,0.1410106247760163,47
161,7Networks_LH_Default_Par_3,7networks_lh_default_par,7Networks_LH_Default_Par,default,parietal,L,238.0,43.4628333706892,156525.0,-6.283019370443563e-06,Q22,27.07,27.08170212765957,0.1410106247760163,47
162,7Networks_LH_Default_Par_4,7networks_lh_default_par,7Networks_LH_Default_Par,default,parietal,L,291.0,68.37256243447816,20056.0,-6.283019370443563e-06,Q22,27.07,27.08170212765957,0.1410106247760163,47
163,7Networks_LH_Default_Par_5,7networks_lh_default_par,7Networks_LH_Default_Par,default,parietal,L,273.0,57.17556725921736,123788.0,-6.283019370443563e-06,Q22,27.07,27.08170212765957,0.1410106247760163,47
164,7Networks_LH_Default_Par_6,7networks_lh_default_par,7Networks_LH_Default_Par,default,parietal,L,252.0,52.87642500153591,44818.0,-6.283019370443563e-06,Q22,27.07,27.08170212765957,0.1410106247760163,47
165,7Networks_LH_Default_Par_7,7networks_lh_default_par,7Networks_LH_Default_Par,default,parietal,L,206.0,34.085749976688575,140725.0,-6.283019370443563e-06,Q22,27.07,27.08170212765957,0.1410106247760163,47
166,7Networks_LH_Default_PFC_1,7networks_lh_default_pfc,7Networks_LH_Default_PFC,default,prefrontal cortex,L,237.0,51.20246386647055,101275.0,-6.283019370443563e-06,Q22,27.07,27.08170212765957,0.1410106247760163,47
167,7Networks_LH_Default_PFC_2,7networks_lh_default_pfc,7Networks_LH_Default_PFC,default,prefrontal cortex,L,189.0,32.71009313012668,112662.0,-6.283019370443563e-06,Q22,27.07,27.08170212765957,0.1410106247760163,47
168,7Networks_LH_Default_PFC_3,7networks_lh_default_pfc,7Networks_LH_Default_PFC,default,prefrontal cortex,L,249.0,50.19986299339041,150840.0,-6.283019370443563e-06,Q22,27.07,27.08170212765957,0.1410106247760163,47
169,7Networks_LH_Default_PFC_4,7networks_lh_default_pfc,7Networks_LH_Default_PFC,default,prefrontal cortex,L,285.0,76.16035042948045,15314.0,-6.283019370443563e-06,Q22,27.07,27.08170212765957,0.1410106247760163,47
170,7Networks_LH_Default_PFC_5,7networks_lh_default_pfc,7Networks_LH_Default_PFC,default,prefrontal cortex,L,280.0,61.96993720014202,44662.0,-6.283019370443563e-06,Q22,27.07,27.08170212765957,0.1410106247760163,47
171,7Networks_LH_Default_PFC_6,7networks_lh_default_pfc,7Networks_LH_Default_PFC,default,prefrontal cortex,L,266.0,57.50941768830856,177231.0,-6.283019370443563e-06,Q22,27.07,27.08170212765957,0.1410106247760163,47
172,7Networks_LH_Default_PFC_7,7networks_lh_default_pfc,7Networks_LH_Default_PFC,default,prefrontal cortex,L,202.0,32.26548236092089,197143.0,-6.283019370443563e-06,Q22,27.07,27.08170212765957,0.1410106247760163,47
173,7Networks_LH_Default_PFC_8,7networks_lh_default_pfc,7Networks_LH_Default_PFC,default,prefrontal cortex,L,158.0,14.909345738795036,157756.0,-6.283019370443563e-06,Q22,27.07,27.08170212765957,0.1410106247760163,47
174,7Networks_LH_Default_PFC_9,7networks_lh_default_pfc,7Networks_LH_Default_PFC,default,prefrontal cortex,L,278.0,63.854611447926764,191814.0,-6.283019370443563e-06,Q22,27.07,27.08170212765957,0.1410106247760163,47
175,7Networks_LH_Default_PFC_10,7networks_lh_default_pfc,7Networks_LH_Default_PFC,default,prefrontal cortex,L,158.0,21.374569124815196,165958.0,-6.283019370443563e-06,Q22,27.07,27.08170212765957,0.1410106247760163,47
176,7Networks_LH_Default_PFC_11,7networks_lh_default_pfc,7Networks_LH_Default_PFC,default,prefrontal cortex,L,212.0,42.76321577782027,60647.0,-6.283019370443563e-06,Q22,27.07,27.08170212765957,0.1410106247760163,47
177,7Networks_LH_Default_PFC_12,7networks_lh_default_pfc,7Networks_LH_Default_PFC,default,prefrontal cortex,L,283.0,71.86905793865226,75830.0,-6.283019370443563e-06,Q22,27.07,27.08170212765957,0.1410106247760163,47
178,7Networks_LH_Default_PFC_13,7networks_lh_default_pfc,7Networks_LH_Default_PFC,default,prefrontal cortex,L,282.0,64.31049671309066,28971.0,-6.283019370443563e-06,Q22,27.07,27.08170212765957,0.1410106247760163,47
179,7Networks_LH_Default_PFC_14,7networks_lh_default_pfc,7Networks_LH_Default_PFC,default,prefrontal cortex,L,243.0,49.345098475026056,46384.0,-6.283019370443563e-06,Q22,27.07,27.08170212765957,0.1410106247760163,47
180,7Networks_LH_Default_PFC_15,7networks_lh_default_pfc,7Networks_LH_Default_PFC,default,prefrontal cortex,L,293.0,68.90587616872554,16605.0,-6.283019370443563e-06,Q22,27.07,27.08170212765957,0.1410106247760163,47
181,7Networks_LH_Default_PFC_16,7networks_lh_default_pfc,7Networks_LH_Default_PFC,default,prefrontal cortex,L,249.0,51.588108705863554,69631.0,-6.283019370443563e-06,Q22,27.07,27.08170212765957,0.1410106247760163,47
182,7Networks_LH_Default_PFC_17,7networks_lh_default_pfc,7Networks_LH_Default_PFC,default,prefrontal cortex,L,188.0,25.098731714010945,73706.0,-6.283019370443563e-06,Q22,27.07,27.08170212765957,0.1410106247760163,47
183,7Networks_LH_Default_PFC_18,7networks_lh_default_pfc,7Networks_LH_Default_PFC,default,prefrontal cortex,L,192.0,31.8150218229085,91398.0,-6.283019370443563e-06,Q22,27.07,27.08170212765957,0.1410106247760163,47
184,7Networks_LH_Default_PFC_19,7networks_lh_default_pfc,7Networks_LH_Default_PFC,default,prefrontal cortex,L,240.0,49.149708595738836,136348.0,-6.283019370443563e-06,Q22,27.07,27.08170212765957,0.1410106247760163,47
185,7Networks_LH_Default_PFC_20,7networks_lh_default_pfc,7Networks_LH_Default_PFC,default,prefrontal cortex,L,234.0,47.69509250606558,120800.0,-6.283019370443563e-06,Q22,27.07,27.08170212765957,0.1410106247760163,47
186,7Networks_LH_Default_PFC_21,7networks_lh_default_pfc,7Networks_LH_Default_PFC,default,prefrontal cortex,L,248.0,53.25421383829535,105630.0,-6.283019370443563e-06,Q22,27.07,27.08170212765957,0.1410106247760163,47
187,7Networks_LH_Default_PFC_22,7networks_lh_default_pfc,7Networks_LH_Default_PFC,default,prefrontal cortex,L,192.0,28.13145996654278,128539.0,-6.283019370443563e-06,Q22,27.07,27.08170212765957,0.1410106247760163,47
188,7Networks_LH_Default_PFC_23,7networks_lh_default_pfc,7Networks_LH_Default_PFC,default,prefrontal cortex,L,266.0,56.71116240273642,51833.0,-6.283019370443563e-06,Q22,27.07,27.08170212765957,0.1410106247760163,47
189,7Networks_LH_Default_PFC_24,7networks_lh_default_pfc,7Networks_LH_Default_PFC,default,prefrontal cortex,L,257.0,51.27617680477733,179492.0,-6.283019370443563e-06,Q22,27.07,27.08170212765957,0.1410106247760163,47
190,7Networks_LH_Default_pCunPCC_1,7networks_lh_default_pcunpcc,7Networks_LH_Default_pCunPCC,default,precuneus posterior cingulate cortex,L,286.0,66.8542867846788,37043.0,-6.283019370443563e-06,Q22,27.07,27.08170212765957,0.1410106247760163,47
191,7Networks_LH_Default_pCunPCC_2,7networks_lh_default_pcunpcc,7Networks_LH_Default_pCunPCC,default,precuneus posterior cingulate cortex,L,190.0,31.58604144050966,102026.0,-6.283019370443563e-06,Q22,27.07,27.08170212765957,0.1410106247760163,47
192,7Networks_LH_Default_pCunPCC_3,7networks_lh_default_pcunpcc,7Networks_LH_Default_pCunPCC,default,precuneus posterior cingulate cortex,L,266.0,58.82511691413233,39487.0,-6.283019370443563e-06,Q22,27.07,27.08170212765957,0.1410106247760163,47
193,7Networks_LH_Default_pCunPCC_4,7networks_lh_default_pcunpcc,7Networks_LH_Default_pCunPCC,default,precuneus posterior cingulate cortex,L,230.0,40.962163525159085,162059.0,-6.283019370443563e-06,Q22,27.07,27.08170212765957,0.1410106247760163,47
194,7Networks_LH_Default_pCunPCC_5,7networks_lh_default_pcunpcc,7Networks_LH_Default_pCunPCC,default,precuneus posterior cingulate cortex,L,281.0,59.44293523869917,95451.0,-6.283019370443563e-06,Q22,27.07,27.08170212765957,0.1410106247760163,47
195,7Networks_LH_Default_pCunPCC_6,7networks_lh_default_pcunpcc,7Networks_LH_Default_pCunPCC,default,precuneus posterior cingulate cortex,L,230.0,45.401527168631134,195378.0,-6.283019370443563e-06,Q22,27.07,27.08170212765957,0.1410106247760163,47
196,7Networks_LH_Default_pCunPCC_7,7networks_lh_default_pcunpcc,7Networks_LH_Default_pCunPCC,default,precuneus posterior cingulate cortex,L,285.0,64.11801547732445,140662.0,-6.283019370443563e-06,Q22,27.07,27.08170212765957,0.1410106247760163,47
197,7Networks_LH_Default_pCunPCC_8,7networks_lh_default_pcunpcc,7Networks_LH_Default_pCunPCC,default,precuneus posterior cingulate cortex,L,303.0,72.51785604183816,56994.0,-6.283019370443563e-06,Q22,27.07,27.08170212765957,0.1410106247760163,47
198,7Networks_LH_Default_pCunPCC_9,7networks_lh_default_pcunpcc,7Networks_LH_Default_pCunPCC,default,precuneus posterior cingulate cortex,L,319.0,79.71899655385572,2514.0,-6.283019370443563e-06,Q22,27.07,27.08170212765957,0.1410106247760163,47
199,7Networks_LH_Default_pCunPCC_10,7networks_lh_default_pcunpcc,7Networks_LH_Default_pCunPCC,default,precuneus posterior cingulate cortex,L,199.0,40.30158517648965,97033.0,-6.283019370443563e-06,Q22,27.07,27.08170212765957,0.1410106247760163,47
200,7Networks_LH_Default_pCunPCC_11,7networks_lh_default_pcunpcc,7Networks_LH_Default_pCunPCC,default,precuneus posterior cingulate cortex,L,292.0,65.52915775430179,54427.0,-6.283019370443563e-06,Q22,27.07,27.08170212765957,0.1410106247760163,47
201,7Networks_RH_Vis_1,7networks_rh_vis,7Networks_RH_Vis,visual,visual,R,254.0,54.281626130892185,92923.0,-6.283019370443563e-06,Q22,27.07,27.08170212765957,0.1410106247760163,47
202,7Networks_RH_Vis_2,7networks_rh_vis,7Networks_RH_Vis,visual,visual,R,185.0,21.938039893316656,191801.0,-6.283019370443563e-06,Q22,27.07,27.08170212765957,0.1410106247760163,47
203,7Networks_RH_Vis_3,7networks_rh_vis,7Networks_RH_Vis,visual,visual,R,246.0,48.05651849706445,88127.0,-6.283019370443563e-06,Q22,27.07,27.08170212765957,0.1410106247760163,47
204,7Networks_RH_Vis_4,7networks_rh_vis,7Networks_RH_Vis,visual,visual,R,262.0,54.51518033125092,89259.0,-6.283019370443563e-06,Q22,27.07,27.08170212765957,0.1410106247760163,47
205,7Networks_RH_Vis_5,7networks_rh_vis,7Networks_RH_Vis,visual,visual,R,227.0,42.99725269695417,107928.0,-6.283019370443563e-06,Q22,27.07,27.08170212765957,0.1410106247760163,47
206,7Networks_RH_Vis_6,7networks_rh_vis,7Networks_RH_Vis,visual,visual,R,237.0,51.20169579314813,72123.0,-6.283019370443563e-06,Q22,27.07,27.08170212765957,0.1410106247760163,47
207,7Networks_RH_Vis_7,7networks_rh_vis,7Networks_RH_Vis,visual,visual,R,304.0,71.72871596580529,21566.0,-6.283019370443563e-06,Q22,27.07,27.08170212765957,0.1410106247760163,47
208,7Networks_RH_Vis_8,7networks_rh_vis,7Networks_RH_Vis,visual,visual,R,304.0,69.81124839185246,36236.0,-6.283019370443563e-06,Q22,27.07,27.08170212765957,0.1410106247760163,47
209,7Networks_RH_Vis_9,7networks_rh_vis,7Networks_RH_Vis,visual,visual,R,276.0,62.883352473958965,53055.0,-6.283019370443563e-06,Q22,27.07,27.08170212765957,0.1410106247760163,47
210,7Networks_RH_Vis_10,7networks_rh_vis,7Networks_RH_Vis,visual,visual,R,244.0,46.2340563319064,159673.0,-6.283019370443563e-06,Q22,27.07,27.08170212765957,0.1410106247760163,47
211,7Networks_RH_Vis_11,7networks_rh_vis,7Networks_RH_Vis,visual,visual,R,224.0,46.05630363088625,61326.0,-6.283019370443563e-06,Q22,27.07,27.08170212765957,0.1410106247760163,47
212,7Networks_RH_Vis_12,7networks_rh_vis,7Networks_RH_Vis,visual,visual,R,261.0,59.06992108240956,38272.0,-6.283019370443563e-06,Q22,27.07,27.08170212765957,0.1410106247760163,47
213,7Networks_RH_Vis_13,7networks_rh_vis,7Networks_RH_Vis,visual,visual,R,221.0,44.42521967375704,118891.0,-6.283019370443563e-06,Q22,27.07,27.08170212765957,0.1410106247760163,47
214,7Networks_RH_Vis_14,7networks_rh_vis,7Networks_RH_Vis,visual,visual,R,306.0,76.06813724828781,22515.0,-6.283019370443563e-06,Q22,27.07,27.08170212765957,0.1410106247760163,47
215,7Networks_RH_Vis_15,7networks_rh_vis,7Networks_RH_Vis,visual,visual,R,304.0,76.72378679166788,2159.0,-6.283019370443563e-06,Q22,27.07,27.08170212765957,0.1410106247760163,47
216,7Networks_RH_Vis_16,7networks_rh_vis,7Networks_RH_Vis,visual,visual,R,273.0,54.74121963313254,34922.0,-6.283019370443563e-06,Q22,27.07,27.08170212765957,0.1410106247760163,47
217,7Networks_RH_Vis_17,7networks_rh_vis,7Networks_RH_Vis,visual,visual,R,288.0,69.82864334203383,41039.0,-6.283019370443563e-06,Q22,27.07,27.08170212765957,0.1410106247760163,47
218,7Networks_RH_Vis_18,7networks_rh_vis,7Networks_RH_Vis,visual,visual,R,261.0,56.83780278908796,29908.0,-6.283019370443563e-06,Q22,27.07,27.08170212765957,0.1410106247760163,47
219,7Networks_RH_Vis_19,7networks_rh_vis,7Networks_RH_Vis,visual,visual,R,281.0,69.21272157836809,40768.0,-6.283019370443563e-06,Q22,27.07,27.08170212765957,0.1410106247760163,47
220,7Networks_RH_Vis_20,7networks_rh_vis,7Networks_RH_Vis,visual,visual,R,236.0,47.856892675753755,189998.0,-6.283019370443563e-06,Q22,27.07,27.08170212765957,0.1410106247760163,47
221,7Networks_RH_Vis_21,7networks_rh_vis,7Networks_RH_Vis,visual,visual,R,284.0,64.35743488201432,39860.0,-6.283019370443563e-06,Q22,27.07,27.08170212765957,0.1410106247760163,47
222,7Networks_RH_Vis_22,7networks_rh_vis,7Networks_RH_Vis,visual,visual,R,311.0,74.1472034960005,29200.0,-6.283019370443563e-06,Q22,27.07,27.08170212765957,0.1410106247760163,47
223,7Networks_RH_Vis_23,7networks_rh_vis,7Networks_RH_Vis,visual,visual,R,316.0,81.14124730039424,547.0,-6.283019370443563e-06,Q22,27.07,27.08170212765957,0.1410106247760163,47
224,7Networks_RH_Vis_24,7networks_rh_vis,7Networks_RH_Vis,visual,visual,R,222.0,44.04738458016989,88880.0,-6.283019370443563e-06,Q22,27.07,27.08170212765957,0.1410106247760163,47
225,7Networks_RH_Vis_25,7networks_rh_vis,7Networks_RH_Vis,visual,visual,R,329.0,87.83380291697229,0.0,-6.283019370443563e-06,Q22,27.07,27.08170212765957,0.1410106247760163,47
226,7Networks_RH_Vis_26,7networks_rh_vis,7Networks_RH_Vis,visual,visual,R,277.0,67.91337830437169,106303.0,-6.283019370443563e-06,Q22,27.07,27.08170212765957,0.1410106247760163,47
227,7Networks_RH_Vis_27,7networks_rh_vis,7Networks_RH_Vis,visual,visual,R,218.0,43.09645391870844,65208.0,-6.283019370443563e-06,Q22,27.07,27.08170212765957,0.1410106247760163,47
228,7Networks_RH_Vis_28,7networks_rh_vis,7Networks_RH_Vis,visual,visual,R,208.0,33.86126007005901,100267.0,-6.283019370443563e-06,Q22,27.07,27.08170212765957,0.1410106247760163,47
229,7Networks_RH_Vis_29,7networks_rh_vis,7Networks_RH_Vis,visual,visual,R,194.0,30.90310021137311,101897.0,-6.283019370443563e-06,Q22,27.07,27.08170212765957,0.1410106247760163,47
230,7Networks_RH_Vis_30,7networks_rh_vis,7Networks_RH_Vis,visual,visual,R,231.0,48.97229218192528,81503.0,-6.283019370443563e-06,Q22,27.07,27.08170212765957,0.1410106247760163,47
231,7Networks_RH_SomMot_1,7networks_rh_sommot,7Networks_RH_SomMot,somatomotor,somatomotor,R,277.0,66.86702656451769,16785.0,-6.283019370443563e-06,Q22,27.07,27.08170212765957,0.1410106247760163,47
232,7Networks_RH_SomMot_2,7networks_rh_sommot,7Networks_RH_SomMot,somatomotor,somatomotor,R,243.0,46.5950353233702,62168.0,-6.283019370443563e-06,Q22,27.07,27.08170212765957,0.1410106247760163,47
233,7Networks_RH_SomMot_3,7networks_rh_sommot,7Networks_RH_SomMot,somatomotor,somatomotor,R,252.0,51.21951482607324,65881.0,-6.283019370443563e-06,Q22,27.07,27.08170212765957,0.1410106247760163,47
234,7Networks_RH_SomMot_4,7networks_rh_sommot,7Networks_RH_SomMot,somatomotor,somatomotor,R,296.0,69.21234271746937,85967.0,-6.283019370443563e-06,Q22,27.07,27.08170212765957,0.1410106247760163,47
235,7Networks_RH_SomMot_5,7networks_rh_sommot,7Networks_RH_SomMot,somatomotor,somatomotor,R,221.0,46.22311011265374,108633.0,-6.283019370443563e-06,Q22,27.07,27.08170212765957,0.1410106247760163,47
236,7Networks_RH_SomMot_6,7networks_rh_sommot,7Networks_RH_SomMot,somatomotor,somatomotor,R,297.0,71.75970384964923,241.0,-6.283019370443563e-06,Q22,27.07,27.08170212765957,0.1410106247760163,47
237,7Networks_RH_SomMot_7,7networks_rh_sommot,7Networks_RH_SomMot,somatomotor,somatomotor,R,209.0,33.302203670734826,159373.0,-6.283019370443563e-06,Q22,27.07,27.08170212765957,0.1410106247760163,47
238,7Networks_RH_SomMot_8,7networks_rh_sommot,7Networks_RH_SomMot,somatomotor,somatomotor,R,242.0,48.34381024681991,53499.0,-6.283019370443563e-06,Q22,27.07,27.08170212765957,0.1410106247760163,47
239,7Networks_RH_SomMot_9,7networks_rh_sommot,7Networks_RH_SomMot,somatomotor,somatomotor,R,246.0,55.02231301570802,110718.0,-6.283019370443563e-06,Q22,27.07,27.08170212765957,0.1410106247760163,47
240,7Networks_RH_SomMot_10,7networks_rh_sommot,7Networks_RH_SomMot,somatomotor,somatomotor,R,242.0,51.29415395666442,122544.0,-6.283019370443563e-06,Q22,27.07,27.08170212765957,0.1410106247760163,47
241,7Networks_RH_SomMot_11,7networks_rh_sommot,7Networks_RH_SomMot,somatomotor,somatomotor,R,250.0,54.029428329154946,55215.0,-6.283019370443563e-06,Q22,27.07,27.08170212765957,0.1410106247760163,47
242,7Networks_RH_SomMot_12,7networks_rh_sommot,7Networks_RH_SomMot,somatomotor,somatomotor,R,176.0,30.146617015264297,117872.0,-6.283019370443563e-06,Q22,27.07,27.08170212765957,0.1410106247760163,47
243,7Networks_RH_SomMot_13,7networks_rh_sommot,7Networks_RH_SomMot,somatomotor,somatomotor,R,237.0,47.74145761872814,137043.0,-6.283019370443563e-06,Q22,27.07,27.08170212765957,0.1410106247760163,47
244,7Networks_RH_SomMot_14,7networks_rh_sommot,7Networks_RH_SomMot,somatomotor,somatomotor,R,198.0,34.91467092415234,135119.0,-6.283019370443563e-06,Q22,27.07,27.08170212765957,0.1410106247760163,47
245,7Networks_RH_SomMot_15,7networks_rh_sommot,7Networks_RH_SomMot,somatomotor,somatomotor,R,173.0,26.982731242119925,87158.0,-6.283019370443563e-06,Q22,27.07,27.08170212765957,0.1410106247760163,47
246,7Networks_RH_SomMot_16,7networks_rh_sommot,7Networks_RH_SomMot,somatomotor,somatomotor,R,217.0,38.17658798016347,51384.0,-6.283019370443563e-06,Q22,27.07,27.08170212765957,0.1410106247760163,47
247,7Networks_RH_SomMot_17,7networks_rh_sommot,7Networks_RH_SomMot,somatomotor,somatomotor,R,169.0,23.06053940164385,112191.0,-6.283019370443563e-06,Q22,27.07,27.08170212765957,0.1410106247760163,47
248,7Networks_RH_SomMot_18,7networks_rh_sommot,7Networks_RH_SomMot,somatomotor,somatomotor,R,244.0,47.47364716180381,116659.0,-6.283019370443563e-06,Q22,27.07,27.08170212765957,0.1410106247760163,47
249,7Networks_RH_SomMot_19,7networks_rh_sommot,7Networks_RH_SomMot,somatomotor,somatomotor,R,133.0,3.5707888062718447,177683.0,-6.283019370443563e-06,Q22,27.07,27.08170212765957,0.1410106247760163,47
250,7Networks_RH_SomMot_20,7networks_rh_sommot,7Networks_RH_SomMot,somatomotor,somatomotor,R,98.0,-9.641195276898953,150577.0,-6.283019370443563e-06,Q22,27.07,27.08170212765957,0.1410106247760163,47
251,7Networks_RH_SomMot_21,7networks_rh_sommot,7Networks_RH_SomMot,somatomotor,somatomotor,R,244.0,49.267840225448325,59992.0,-6.283019370443563e-06,Q22,27.07,27.08170212765957,0.1410106247760163,47
252,7Networks_RH_SomMot_22,7networks_rh_sommot,7Networks_RH_SomMot,somatomotor,somatomotor,R,255.0,58.001400994654226,52000.0,-6.283019370443563e-06,Q22,27.07,27.08170212765957,0.1410106247760163,47
253,7Networks_RH_SomMot_23,7networks_rh_sommot,7Networks_RH_SomMot,somatomotor,somatomotor,R,169.0,20.605212353694675,161889.0,-6.283019370443563e-06,Q22,27.07,27.08170212765957,0.1410106247760163,47
254,7Networks_RH_SomMot_24,7networks_rh_sommot,7Networks_RH_SomMot,somatomotor,somatomotor,R,246.0,48.507744347862705,73598.0,-6.283019370443563e-06,Q22,27.07,27.08170212765957,0.1410106247760163,47
255,7Networks_RH_SomMot_25,7networks_rh_sommot,7Networks_RH_SomMot,somatomotor,somatomotor,R,206.0,25.799391854223714,170083.0,-6.283019370443563e-06,Q22,27.07,27.08170212765957,0.1410106247760163,47
256,7Networks_RH_SomMot_26,7networks_rh_sommot,7Networks_RH_SomMot,somatomotor,somatomotor,R,155.0,13.06415390186893,158323.0,-6.283019370443563e-06,Q22,27.07,27.08170212765957,0.1410106247760163,47
257,7Networks_RH_SomMot_27,7networks_rh_sommot,7Networks_RH_SomMot,somatomotor,somatomotor,R,196.0,31.799197780599304,156863.0,-6.283019370443563e-06,Q22,27.07,27.08170212765957,0.1410106247760163,47
258,7Networks_RH_SomMot_28,7networks_rh_sommot,7Networks_RH_SomMot,somatomotor,somatomotor,R,266.0,55.404796309189045,157925.0,-6.283019370443563e-06,Q22,27.07,27.08170212765957,0.1410106247760163,47
259,7Networks_RH_SomMot_29,7networks_rh_sommot,7Networks_RH_SomMot,somatomotor,somatomotor,R,209.0,33.886360933912535,148133.0,-6.283019370443563e-06,Q22,27.07,27.08170212765957,0.1410106247760163,47
260,7Networks_RH_SomMot_30,7networks_rh_sommot,7Networks_RH_SomMot,somatomotor,somatomotor,R,253.0,52.21052825987482,98514.0,-6.283019370443563e-06,Q22,27.07,27.08170212765957,0.1410106247760163,47
261,7Networks_RH_SomMot_31,7networks_rh_sommot,7Networks_RH_SomMot,somatomotor,somatomotor,R,124.0,-6.137694389009317,184775.0,-6.283019370443563e-06,Q22,27.07,27.08170212765957,0.1410106247760163,47
262,7Networks_RH_SomMot_32,7networks_rh_sommot,7Networks_RH_SomMot,somatomotor,somatomotor,R,204.0,34.022481030372404,130982.0,-6.283019370443563e-06,Q22,27.07,27.08170212765957,0.1410106247760163,47
263,7Networks_RH_SomMot_33,7networks_rh_sommot,7Networks_RH_SomMot,somatomotor,somatomotor,R,181.0,23.063793085068163,175453.0,-6.283019370443563e-06,Q22,27.07,27.08170212765957,0.1410106247760163,47
264,7Networks_RH_SomMot_34,7networks_rh_sommot,7Networks_RH_SomMot,somatomotor,somatomotor,R,218.0,37.65661953651397,158935.0,-6.283019370443563e-06,Q22,27.07,27.08170212765957,0.1410106247760163,47
265,7Networks_RH_SomMot_35,7networks_rh_sommot,7Networks_RH_SomMot,somatomotor,somatomotor,R,230.0,41.918381941833566,76832.0,-6.283019370443563e-06,Q22,27.07,27.08170212765957,0.1410106247760163,47
266,7Networks_RH_SomMot_36,7networks_rh_sommot,7Networks_RH_SomMot,somatomotor,somatomotor,R,130.0,3.8505715836959897,195280.0,-6.283019370443563e-06,Q22,27.07,27.08170212765957,0.1410106247760163,47
267,7Networks_RH_SomMot_37,7networks_rh_sommot,7Networks_RH_SomMot,somatomotor,somatomotor,R,225.0,44.996685325257204,82210.0,-6.283019370443563e-06,Q22,27.07,27.08170212765957,0.1410106247760163,47
268,7Networks_RH_SomMot_38,7networks_rh_sommot,7Networks_RH_SomMot,somatomotor,somatomotor,R,166.0,23.425288953650945,109204.0,-6.283019370443563e-06,Q22,27.07,27.08170212765957,0.1410106247760163,47
269,7Networks_RH_SomMot_39,7networks_rh_sommot,7Networks_RH_SomMot,somatomotor,somatomotor,R,156.0,10.259090769139647,179523.0,-6.283019370443563e-06,Q22,27.07,27.08170212765957,0.1410106247760163,47
270,7Networks_RH_SomMot_40,7networks_rh_sommot,7Networks_RH_SomMot,somatomotor,somatomotor,R,182.0,27.13949220334964,138124.0,-6.283019370443563e-06,Q22,27.07,27.08170212765957,0.1410106247760163,47
271,7Networks_RH_DorsAttn_Post_1,7networks_rh_dorsattn_post,7Networks_RH_DorsAttn_Post,dorsal attention,posterior,R,247.0,54.37758544319058,50481.0,-6.283019370443563e-06,Q22,27.07,27.08170212765957,0.1410106247760163,47
272,7Networks_RH_DorsAttn_Post_2,7networks_rh_dorsattn_post,7Networks_RH_DorsAttn_Post,dorsal attention,posterior,R,175.0,24.6226192928119,176666.0,-6.283019370443563e-06,Q22,27.07,27.08170212765957,0.1410106247760163,47
273,7Networks_RH_DorsAttn_Post_3,7networks_rh_dorsattn_post,7Networks_RH_DorsAttn_Post,dorsal attention,posterior,R,229.0,42.49593455287281,73342.0,-6.283019370443563e-06,Q22,27.07,27.08170212765957,0.1410106247760163,47
274,7Networks_RH_DorsAttn_Post_4,7networks_rh_dorsattn_post,7Networks_RH_DorsAttn_Post,dorsal attention,posterior,R,326.0,84.09505525112652,1855.0,-6.283019370443563e-06,Q22,27.07,27.08170212765957,0.1410106247760163,47
275,7Networks_RH_DorsAttn_Post_5,7networks_rh_dorsattn_post,7Networks_RH_DorsAttn_Post,dorsal attention,posterior,R,153.0,19.869270451882773,127539.0,-6.283019370443563e-06,Q22,27.07,27.08170212765957,0.1410106247760163,47
276,7Networks_RH_DorsAttn_Post_6,7networks_rh_dorsattn_post,7Networks_RH_DorsAttn_Post,dorsal attention,posterior,R,213.0,34.081361133715845,107054.0,-6.283019370443563e-06,Q22,27.07,27.08170212765957,0.1410106247760163,47
277,7Networks_RH_DorsAttn_Post_7,7networks_rh_dorsattn_post,7Networks_RH_DorsAttn_Post,dorsal attention,posterior,R,125.0,-0.5519873924363558,189395.0,-6.283019370443563e-06,Q22,27.07,27.08170212765957,0.1410106247760163,47
278,7Networks_RH_DorsAttn_Post_8,7networks_rh_dorsattn_post,7Networks_RH_DorsAttn_Post,dorsal attention,posterior,R,220.0,37.872662896423854,119165.0,-6.283019370443563e-06,Q22,27.07,27.08170212765957,0.1410106247760163,47
279,7Networks_RH_DorsAttn_Post_9,7networks_rh_dorsattn_post,7Networks_RH_DorsAttn_Post,dorsal attention,posterior,R,201.0,36.45925914273764,120294.0,-6.283019370443563e-06,Q22,27.07,27.08170212765957,0.1410106247760163,47
280,7Networks_RH_DorsAttn_Post_10,7networks_rh_dorsattn_post,7Networks_RH_DorsAttn_Post,dorsal attention,posterior,R,234.0,42.8843847108748,96709.0,-6.283019370443563e-06,Q22,27.07,27.08170212765957,0.1410106247760163,47
281,7Networks_RH_DorsAttn_Post_11,7networks_rh_dorsattn_post,7Networks_RH_DorsAttn_Post,dorsal attention,posterior,R,173.0,20.108949102162672,156423.0,-6.283019370443563e-06,Q22,27.07,27.08170212765957,0.1410106247760163,47
282,7Networks_RH_DorsAttn_Post_12,7networks_rh_dorsattn_post,7Networks_RH_DorsAttn_Post,dorsal attention,posterior,R,105.0,-4.430852589627122,169569.0,-6.283019370443563e-06,Q22,27.07,27.08170212765957,0.1410106247760163,47
283,7Networks_RH_DorsAttn_Post_13,7networks_rh_dorsattn_post,7Networks_RH_DorsAttn_Post,dorsal attention,posterior,R,267.0,57.06446455207294,96308.0,-6.283019370443563e-06,Q22,27.07,27.08170212765957,0.1410106247760163,47
284,7Networks_RH_DorsAttn_Post_14,7networks_rh_dorsattn_post,7Networks_RH_DorsAttn_Post,dorsal attention,posterior,R,200.0,34.068911284730056,151021.0,-6.283019370443563e-06,Q22,27.07,27.08170212765957,0.1410106247760163,47
285,7Networks_RH_DorsAttn_Post_15,7networks_rh_dorsattn_post,7Networks_RH_DorsAttn_Post,dorsal attention,posterior,R,193.0,28.905282474629946,106052.0,-6.283019370443563e-06,Q22,27.07,27.08170212765957,0.1410106247760163,47
286,7Networks_RH_DorsAttn_Post_16,7networks_rh_dorsattn_post,7Networks_RH_DorsAttn_Post,dorsal attention,posterior,R,228.0,45.29665254945708,160099.0,-6.283019370443563e-06,Q22,27.07,27.08170212765957,0.1410106247760163,47
287,7Networks_RH_DorsAttn_Post_17,7networks_rh_dorsattn_post,7Networks_RH_DorsAttn_Post,dorsal attention,posterior,R,331.0,79.06697923004752,7425.0,-6.283019370443563e-06,Q22,27.07,27.08170212765957,0.1410106247760163,47
288,7Networks_RH_DorsAttn_Post_18,7networks_rh_dorsattn_post,7Networks_RH_DorsAttn_Post,dorsal attention,posterior,R,222.0,37.75539976239848,105437.0,-6.283019370443563e-06,Q22,27.07,27.08170212765957,0.1410106247760163,47
289,7Networks_RH_DorsAttn_Post_19,7networks_rh_dorsattn_post,7Networks_RH_DorsAttn_Post,dorsal attention,posterior,R,246.0,48.587795329627085,157021.0,-6.283019370443563e-06,Q22,27.07,27.08170212765957,0.1410106247760163,47
290,7Networks_RH_DorsAttn_FEF_1,7networks_rh_dorsattn_fef,7Networks_RH_DorsAttn_FEF,dorsal attention,frontal eye fields,R,216.0,37.52765024557748,99315.0,-6.283019370443563e-06,Q22,27.07,27.08170212765957,0.1410106247760163,47
291,7Networks_RH_DorsAttn_FEF_2,7networks_rh_dorsattn_fef,7Networks_RH_DorsAttn_FEF,dorsal attention,frontal eye fields,R,150.0,12.095624718715582,168219.0,-6.283019370443563e-06,Q22,27.07,27.08170212765957,0.1410106247760163,47
292,7Networks_RH_DorsAttn_FEF_3,7networks_rh_dorsattn_fef,7Networks_RH_DorsAttn_FEF,dorsal attention,frontal eye fields,R,119.0,3.2554703299191665,193480.0,-6.283019370443563e-06,Q22,27.07,27.08170212765957,0.1410106247760163,47
293,7Networks_RH_DorsAttn_PrCv_1,7networks_rh_dorsattn_prcv,7Networks_RH_DorsAttn_PrCv,dorsal attention,precentral ventral,R,222.0,39.69345862801155,123418.0,-6.283019370443563e-06,Q22,27.07,27.08170212765957,0.1410106247760163,47
294,7Networks_RH_SalVentAttn_TempOccPar_1,7networks_rh_salventattn_tempoccpar,7Networks_RH_SalVentAttn_TempOccPar,salience / ventral attention,temporal occipital parietal,R,187.0,37.14312054788064,175573.0,-6.283019370443563e-06,Q22,27.07,27.08170212765957,0.1410106247760163,47
295,7Networks_RH_SalVentAttn_TempOccPar_2,7networks_rh_salventattn_tempoccpar,7Networks_RH_SalVentAttn_TempOccPar,salience / ventral attention,temporal occipital parietal,R,203.0,37.19985312590278,179079.0,-6.283019370443563e-06,Q22,27.07,27.08170212765957,0.1410106247760163,47
296,7Networks_RH_SalVentAttn_TempOccPar_3,7networks_rh_salventattn_tempoccpar,7Networks_RH_SalVentAttn_TempOccPar,salience / ventral attention,temporal occipital parietal,R,190.0,29.447763777426555,130922.0,-6.283019370443563e-06,Q22,27.07,27.08170212765957,0.1410106247760163,47
297,7Networks_RH_SalVentAttn_TempOccPar_4,7networks_rh_salventattn_tempoccpar,7Networks_RH_SalVentAttn_TempOccPar,salience / ventral attention,temporal occipital parietal,R,276.0,61.40134971150313,61980.0,-6.283019370443563e-06,Q22,27.07,27.08170212765957,0.1410106247760163,47
298,7Networks_RH_SalVentAttn_TempOccPar_5,7networks_rh_salventattn_tempoccpar,7Networks_RH_SalVentAttn_TempOccPar,salience / ventral attention,temporal occipital parietal,R,245.0,53.84005565839959,63484.0,-6.283019370443563e-06,Q22,27.07,27.08170212765957,0.1410106247760163,47
299,7Networks_RH_SalVentAttn_TempOccPar_6,7networks_rh_salventattn_tempoccpar,7Networks_RH_SalVentAttn_TempOccPar,salience / ventral attention,temporal occipital parietal,R,210.0,33.98018861156172,143439.0,-6.283019370443563e-06,Q22,27.07,27.08170212765957,0.1410106247760163,47
300,7Networks_RH_SalVentAttn_TempOccPar_7,7networks_rh_salventattn_tempoccpar,7Networks_RH_SalVentAttn_TempOccPar,salience / ventral attention,temporal occipital parietal,R,164.0,19.608599332942497,101976.0,-6.283019370443563e-06,Q22,27.07,27.08170212765957,0.1410106247760163,47
301,7Networks_RH_SalVentAttn_PrC_1,7networks_rh_salventattn_prc,7Networks_RH_SalVentAttn_PrC,salience / ventral attention,precentral,R,189.0,27.43185532118474,126555.0,-6.283019370443563e-06,Q22,27.07,27.08170212765957,0.1410106247760163,47
302,7Networks_RH_SalVentAttn_FrOperIns_1,7networks_rh_salventattn_froperins,7Networks_RH_SalVentAttn_FrOperIns,salience / ventral attention,frontal operculum insula,R,251.0,49.47942031260281,98543.0,-6.283019370443563e-06,Q22,27.07,27.08170212765957,0.1410106247760163,47
303,7Networks_RH_SalVentAttn_FrOperIns_2,7networks_rh_salventattn_froperins,7Networks_RH_SalVentAttn_FrOperIns,salience / ventral attention,frontal operculum insula,R,311.0,78.17879667073508,50442.0,-6.283019370443563e-06,Q22,27.07,27.08170212765957,0.1410106247760163,47
304,7Networks_RH_SalVentAttn_FrOperIns_3,7networks_rh_salventattn_froperins,7Networks_RH_SalVentAttn_FrOperIns,salience / ventral attention,frontal operculum insula,R,336.0,91.35614399137056,1.0,-6.283019370443563e-06,Q22,27.07,27.08170212765957,0.1410106247760163,47
305,7Networks_RH_SalVentAttn_FrOperIns_4,7networks_rh_salventattn_froperins,7Networks_RH_SalVentAttn_FrOperIns,salience / ventral attention,frontal operculum insula,R,290.0,66.38127332499724,28034.0,-6.283019370443563e-06,Q22,27.07,27.08170212765957,0.1410106247760163,47
306,7Networks_RH_SalVentAttn_FrOperIns_5,7networks_rh_salventattn_froperins,7Networks_RH_SalVentAttn_FrOperIns,salience / ventral attention,frontal operculum insula,R,285.0,63.97468021325034,45477.0,-6.283019370443563e-06,Q22,27.07,27.08170212765957,0.1410106247760163,47
307,7Networks_RH_SalVentAttn_FrOperIns_6,7networks_rh_salventattn_froperins,7Networks_RH_SalVentAttn_FrOperIns,salience / ventral attention,frontal operculum insula,R,236.0,50.540487047546996,48837.0,-6.283019370443563e-06,Q22,27.07,27.08170212765957,0.1410106247760163,47
308,7Networks_RH_SalVentAttn_FrOperIns_7,7networks_rh_salventattn_froperins,7Networks_RH_SalVentAttn_FrOperIns,salience / ventral attention,frontal operculum insula,R,284.0,64.28118334406699,28513.0,-6.283019370443563e-06,Q22,27.07,27.08170212765957,0.1410106247760163,47
309,7Networks_RH_SalVentAttn_FrOperIns_8,7networks_rh_salventattn_froperins,7Networks_RH_SalVentAttn_FrOperIns,salience / ventral attention,frontal operculum insula,R,213.0,32.55802233607921,169245.0,-6.283019370443563e-06,Q22,27.07,27.08170212765957,0.1410106247760163,47
310,7Networks_RH_SalVentAttn_PFCl_1,7networks_rh_salventattn_pfcl,7Networks_RH_SalVentAttn_PFCl,salience / ventral attention,lateral prefrontal cortex,R,304.0,73.1720545465256,845.0,-6.283019370443563e-06,Q22,27.07,27.08170212765957,0.1410106247760163,47
311,7Networks_RH_SalVentAttn_Med_1,7networks_rh_salventattn_med,7Networks_RH_SalVentAttn_Med,salience / ventral attention,medial,R,211.0,38.120505582405876,146947.0,-6.283019370443563e-06,Q22,27.07,27.08170212765957,0.1410106247760163,47
312,7Networks_RH_SalVentAttn_Med_2,7networks_rh_salventattn_med,7Networks_RH_SalVentAttn_Med,salience / ventral attention,medial,R,297.0,66.27065770526933,38128.0,-6.283019370443563e-06,Q22,27.07,27.08170212765957,0.1410106247760163,47
313,7Networks_RH_SalVentAttn_Med_3,7networks_rh_salventattn_med,7Networks_RH_SalVentAttn_Med,salience / ventral attention,medial,R,120.0,5.261386440124971,123448.0,-6.283019370443563e-06,Q22,27.07,27.08170212765957,0.1410106247760163,47
314,7Networks_RH_SalVentAttn_Med_4,7networks_rh_salventattn_med,7Networks_RH_SalVentAttn_Med,salience / ventral attention,medial,R,186.0,35.0138765611813,88792.0,-6.283019370443563e-06,Q22,27.07,27.08170212765957,0.1410106247760163,47
315,7Networks_RH_SalVentAttn_Med_5,7networks_rh_salventattn_med,7Networks_RH_SalVentAttn_Med,salience / ventral attention,medial,R,190.0,24.517710051931157,190834.0,-6.283019370443563e-06,Q22,27.07,27.08170212765957,0.1410106247760163,47
316,7Networks_RH_SalVentAttn_Med_6,7networks_rh_salventattn_med,7Networks_RH_SalVentAttn_Med,salience / ventral attention,medial,R,153.0,17.231377103963794,130468.0,-6.283019370443563e-06,Q22,27.07,27.08170212765957,0.1410106247760163,47
317,7Networks_RH_SalVentAttn_Med_7,7networks_rh_salventattn_med,7Networks_RH_SalVentAttn_Med,salience / ventral attention,medial,R,233.0,42.97763994456516,153162.0,-6.283019370443563e-06,Q22,27.07,27.08170212765957,0.1410106247760163,47
318,7Networks_RH_SalVentAttn_Med_8,7networks_rh_salventattn_med,7Networks_RH_SalVentAttn_Med,salience / ventral attention,medial,R,171.0,22.44572186739861,194277.0,-6.283019370443563e-06,Q22,27.07,27.08170212765957,0.1410106247760163,47
319,7Networks_RH_Limbic_OFC_1,7networks_rh_limbic_ofc,7Networks_RH_Limbic_OFC,limbic,orbital frontal cortex,R,79.0,-22.00144792038697,192207.0,-6.283019370443563e-06,Q22,27.07,27.08170212765957,0.1410106247760163,47
320,7Networks_RH_Limbic_OFC_2,7networks_rh_limbic_ofc,7Networks_RH_Limbic_OFC,limbic,orbital frontal cortex,R,198.0,30.782472896823062,108075.0,-6.283019370443563e-06,Q22,27.07,27.08170212765957,0.1410106247760163,47
321,7Networks_RH_Limbic_OFC_3,7networks_rh_limbic_ofc,7Networks_RH_Limbic_OFC,limbic,orbital frontal cortex,R,168.0,20.108773157376,191372.0,-6.283019370443563e-06,Q22,27.07,27.08170212765957,0.1410106247760163,47
322,7Networks_RH_Limbic_OFC_4,7networks_rh_limbic_ofc,7Networks_RH_Limbic_OFC,limbic,orbital frontal cortex,R,260.0,57.74273467058305,54709.0,-6.283019370443563e-06,Q22,27.07,27.08170212765957,0.1410106247760163,47
323,7Networks_RH_Limbic_OFC_5,7networks_rh_limbic_ofc,7Networks_RH_Limbic_OFC,limbic,orbital frontal cortex,R,194.0,32.741662438083324,100377.0,-6.283019370443563e-06,Q22,27.07,27.08170212765957,0.1410106247760163,47
324,7Networks_RH_Limbic_OFC_6,7networks_rh_limbic_ofc,7Networks_RH_Limbic_OFC,limbic,orbital frontal cortex,R,296.0,68.44607307042256,42786.0,-6.283019370443563e-06,Q22,27.07,27.08170212765957,0.1410106247760163,47
325,7Networks_RH_Limbic_TempPole_1,7networks_rh_limbic_temppole,7Networks_RH_Limbic_TempPole,limbic,temporal pole,R,93.0,-14.724001583743037,199478.0,-6.283019370443563e-06,Q22,27.07,27.08170212765957,0.1410106247760163,47
326,7Networks_RH_Limbic_TempPole_2,7networks_rh_limbic_temppole,7Networks_RH_Limbic_TempPole,limbic,temporal pole,R,200.0,33.173782274342244,127328.0,-6.283019370443563e-06,Q22,27.07,27.08170212765957,0.1410106247760163,47
327,7Networks_RH_Limbic_TempPole_3,7networks_rh_limbic_temppole,7Networks_RH_Limbic_TempPole,limbic,temporal pole,R,157.0,16.45069728259768,130698.0,-6.283019370443563e-06,Q22,27.07,27.08170212765957,0.1410106247760163,47
328,7Networks_RH_Limbic_TempPole_4,7networks_rh_limbic_temppole,7Networks_RH_Limbic_TempPole,limbic,temporal pole,R,121.0,-0.13527422443202874,171017.0,-6.283019370443563e-06,Q22,27.07,27.08170212765957,0.1410106247760163,47
329,7Networks_RH_Limbic_TempPole_5,7networks_rh_limbic_temppole,7Networks_RH_Limbic_TempPole,limbic,temporal pole,R,251.0,55.729620371715114,57365.0,-6.283019370443563e-06,Q22,27.07,27.08170212765957,0.1410106247760163,47
330,7Networks_RH_Limbic_TempPole_6,7networks_rh_limbic_temppole,7Networks_RH_Limbic_TempPole,limbic,temporal pole,R,225.0,41.69613504023773,138773.0,-6.283019370443563e-06,Q22,27.07,27.08170212765957,0.1410106247760163,47
331,7Networks_RH_Limbic_TempPole_7,7networks_rh_limbic_temppole,7Networks_RH_Limbic_TempPole,limbic,temporal pole,R,142.0,13.887238611826627,181125.0,-6.283019370443563e-06,Q22,27.07,27.08170212765957,0.1410106247760163,47
332,7Networks_RH_Cont_Par_1,7networks_rh_cont_par,7Networks_RH_Cont_Par,control,parietal,R,197.0,27.334097502156624,131034.0,-6.283019370443563e-06,Q22,27.07,27.08170212765957,0.1410106247760163,47
333,7Networks_RH_Cont_Par_2,7networks_rh_cont_par,7Networks_RH_Cont_Par,control,parietal,R,242.0,48.93697030194069,32529.0,-6.283019370443563e-06,Q22,27.07,27.08170212765957,0.1410106247760163,47
334,7Networks_RH_Cont_Par_3,7networks_rh_cont_par,7Networks_RH_Cont_Par,control,parietal,R,224.0,45.21391311261562,133524.0,-6.283019370443563e-06,Q22,27.07,27.08170212765957,0.1410106247760163,47
335,7Networks_RH_Cont_Par_4,7networks_rh_cont_par,7Networks_RH_Cont_Par,control,parietal,R,155.0,19.049033743004074,104248.0,-6.283019370443563e-06,Q22,27.07,27.08170212765957,0.1410106247760163,47
336,7Networks_RH_Cont_Par_5,7networks_rh_cont_par,7Networks_RH_Cont_Par,control,parietal,R,224.0,39.303163654427244,72373.0,-6.283019370443563e-06,Q22,27.07,27.08170212765957,0.1410106247760163,47
337,7Networks_RH_Cont_Par_6,7networks_rh_cont_par,7Networks_RH_Cont_Par,control,parietal,R,194.0,31.04850548113748,98025.0,-6.283019370443563e-06,Q22,27.07,27.08170212765957,0.1410106247760163,47
338,7Networks_RH_Cont_Temp_1,7networks_rh_cont_temp,7Networks_RH_Cont_Temp,control,temporal,R,262.0,59.52103273280061,37679.0,-6.283019370443563e-06,Q22,27.07,27.08170212765957,0.1410106247760163,47
339,7Networks_RH_Cont_Temp_2,7networks_rh_cont_temp,7Networks_RH_Cont_Temp,control,temporal,R,214.0,41.553411165449845,158122.0,-6.283019370443563e-06,Q22,27.07,27.08170212765957,0.1410106247760163,47
340,7Networks_RH_Cont_PFCv_1,7networks_rh_cont_pfcv,7Networks_RH_Cont_PFCv,control,ventral prefrontal cortex,R,213.0,35.822715767531285,51008.0,-6.283019370443563e-06,Q22,27.07,27.08170212765957,0.1410106247760163,47
341,7Networks_RH_Cont_PFCl_1,7networks_rh_cont_pfcl,7Networks_RH_Cont_PFCl,control,lateral prefrontal cortex,R,237.0,46.12387486410039,118154.0,-6.283019370443563e-06,Q22,27.07,27.08170212765957,0.1410106247760163,47
342,7Networks_RH_Cont_PFCl_2,7networks_rh_cont_pfcl,7Networks_RH_Cont_PFCl,control,lateral prefrontal cortex,R,315.0,73.2245815207468,22154.0,-6.283019370443563e-06,Q22,27.07,27.08170212765957,0.1410106247760163,47
343,7Networks_RH_Cont_PFCl_3,7networks_rh_cont_pfcl,7Networks_RH_Cont_PFCl,control,lateral prefrontal cortex,R,334.0,78.14166637718495,23.0,-6.283019370443563e-06,Q22,27.07,27.08170212765957,0.1410106247760163,47
344,7Networks_RH_Cont_PFCl_4,7networks_rh_cont_pfcl,7Networks_RH_Cont_PFCl,control,lateral prefrontal cortex,R,226.0,38.492666269204236,117480.0,-6.283019370443563e-06,Q22,27.07,27.08170212765957,0.1410106247760163,47
345,7Networks_RH_Cont_PFCl_5,7networks_rh_cont_pfcl,7Networks_RH_Cont_PFCl,control,lateral prefrontal cortex,R,292.0,69.18671909027192,115683.0,-6.283019370443563e-06,Q22,27.07,27.08170212765957,0.1410106247760163,47
346,7Networks_RH_Cont_PFCl_6,7networks_rh_cont_pfcl,7Networks_RH_Cont_PFCl,control,lateral prefrontal cortex,R,182.0,27.166187438312445,133886.0,-6.283019370443563e-06,Q22,27.07,27.08170212765957,0.1410106247760163,47
347,7Networks_RH_Cont_PFCl_7,7networks_rh_cont_pfcl,7Networks_RH_Cont_PFCl,control,lateral prefrontal cortex,R,270.0,55.24589455394499,74106.0,-6.283019370443563e-06,Q22,27.07,27.08170212765957,0.1410106247760163,47
348,7Networks_RH_Cont_PFCl_8,7networks_rh_cont_pfcl,7Networks_RH_Cont_PFCl,control,lateral prefrontal cortex,R,274.0,63.15308577684827,28186.0,-6.283019370443563e-06,Q22,27.07,27.08170212765957,0.1410106247760163,47
349,7Networks_RH_Cont_PFCl_9,7networks_rh_cont_pfcl,7Networks_RH_Cont_PFCl,control,lateral prefrontal cortex,R,270.0,57.54943323414817,150928.0,-6.283019370443563e-06,Q22,27.07,27.08170212765957,0.1410106247760163,47
350,7Networks_RH_Cont_PFCl_10,7networks_rh_cont_pfcl,7Networks_RH_Cont_PFCl,control,lateral prefrontal cortex,R,270.0,55.83814838666795,59699.0,-6.283019370443563e-06,Q22,27.07,27.08170212765957,0.1410106247760163,47
351,7Networks_RH_Cont_PFCl_11,7networks_rh_cont_pfcl,7Networks_RH_Cont_PFCl,control,lateral prefrontal cortex,R,244.0,47.10288028252049,98706.0,-6.283019370443563e-06,Q22,27.07,27.08170212765957,0.1410106247760163,47
352,7Networks_RH_Cont_PFCl_12,7networks_rh_cont_pfcl,7Networks_RH_Cont_PFCl,control,lateral prefrontal cortex,R,252.0,51.05841819497369,65470.0,-6.283019370443563e-06,Q22,27.07,27.08170212765957,0.1410106247760163,47
353,7Networks_RH_Cont_PFCl_13,7networks_rh_cont_pfcl,7Networks_RH_Cont_PFCl,control,lateral prefrontal cortex,R,127.0,6.266564550243664,150561.0,-6.283019370443563e-06,Q22,27.07,27.08170212765957,0.1410106247760163,47
354,7Networks_RH_Cont_PFCl_14,7networks_rh_cont_pfcl,7Networks_RH_Cont_PFCl,control,lateral prefrontal cortex,R,269.0,64.66133520540689,35324.0,-6.283019370443563e-06,Q22,27.07,27.08170212765957,0.1410106247760163,47
355,7Networks_RH_Cont_PFCl_15,7networks_rh_cont_pfcl,7Networks_RH_Cont_PFCl,control,lateral prefrontal cortex,R,216.0,40.10723008571256,192762.0,-6.283019370443563e-06,Q22,27.07,27.08170212765957,0.1410106247760163,47
356,7Networks_RH_Cont_pCun_1,7networks_rh_cont_pcun,7Networks_RH_Cont_pCun,control,precuneus,R,222.0,39.38954579344943,120750.0,-6.283019370443563e-06,Q22,27.07,27.08170212765957,0.1410106247760163,47
357,7Networks_RH_Cont_pCun_2,7networks_rh_cont_pcun,7Networks_RH_Cont_pCun,control,precuneus,R,270.0,57.71920159891726,34129.0,-6.283019370443563e-06,Q22,27.07,27.08170212765957,0.1410106247760163,47
358,7Networks_RH_Cont_Cing_1,7networks_rh_cont_cing,7Networks_RH_Cont_Cing,control,cingulate,R,260.0,58.62697479684233,150741.0,-6.283019370443563e-06,Q22,27.07,27.08170212765957,0.1410106247760163,47
359,7Networks_RH_Cont_Cing_2,7networks_rh_cont_cing,7Networks_RH_Cont_Cing,control,cingulate,R,278.0,57.46269019536736,59435.0,-6.283019370443563e-06,Q22,27.07,27.08170212765957,0.1410106247760163,47
360,7Networks_RH_Cont_PFCmp_1,7networks_rh_cont_pfcmp,7Networks_RH_Cont_PFCmp,control,medial posterior prefrontal cortex,R,233.0,47.92689852447082,122271.0,-6.283019370443563e-06,Q22,27.07,27.08170212765957,0.1410106247760163,47
361,7Networks_RH_Cont_PFCmp_2,7networks_rh_cont_pfcmp,7Networks_RH_Cont_PFCmp,control,medial posterior prefrontal cortex,R,272.0,61.49019630056322,133582.0,-6.283019370443563e-06,Q22,27.07,27.08170212765957,0.1410106247760163,47
362,7Networks_RH_Default_Par_1,7networks_rh_default_par,7Networks_RH_Default_Par,default,parietal,R,195.0,32.71065889260179,83375.0,-6.283019370443563e-06,Q22,27.07,27.08170212765957,0.1410106247760163,47
363,7Networks_RH_Default_Par_2,7networks_rh_default_par,7Networks_RH_Default_Par,default,parietal,R,228.0,41.06410404155662,84938.0,-6.283019370443563e-06,Q22,27.07,27.08170212765957,0.1410106247760163,47
364,7Networks_RH_Default_Par_3,7networks_rh_default_par,7Networks_RH_Default_Par,default,parietal,R,250.0,44.21885265763076,90552.0,-6.283019370443563e-06,Q22,27.07,27.08170212765957,0.1410106247760163,47
365,7Networks_RH_Default_Par_4,7networks_rh_default_par,7Networks_RH_Default_Par,default,parietal,R,243.0,49.65785778258691,127169.0,-6.283019370443563e-06,Q22,27.07,27.08170212765957,0.1410106247760163,47
366,7Networks_RH_Default_Par_5,7networks_rh_default_par,7Networks_RH_Default_Par,default,parietal,R,291.0,70.01868010813709,184323.0,-6.283019370443563e-06,Q22,27.07,27.08170212765957,0.1410106247760163,47
367,7Networks_RH_Default_Temp_1,7networks_rh_default_temp,7Networks_RH_Default_Temp,default,temporal,R,239.0,47.22723396399579,116493.0,-6.283019370443563e-06,Q22,27.07,27.08170212765957,0.1410106247760163,47
368,7Networks_RH_Default_Temp_2,7networks_rh_default_temp,7Networks_RH_Default_Temp,default,temporal,R,271.0,58.871620751539446,96692.0,-6.283019370443563e-06,Q22,27.07,27.08170212765957,0.1410106247760163,47
369,7Networks_RH_Default_Temp_3,7networks_rh_default_temp,7Networks_RH_Default_Temp,default,temporal,R,259.0,57.495153752388454,47885.0,-6.283019370443563e-06,Q22,27.07,27.08170212765957,0.1410106247760163,47
370,7Networks_RH_Default_Temp_4,7networks_rh_default_temp,7Networks_RH_Default_Temp,default,temporal,R,286.0,63.061871844802994,37555.0,-6.283019370443563e-06,Q22,27.07,27.08170212765957,0.1410106247760163,47
371,7Networks_RH_Default_Temp_5,7networks_rh_default_temp,7Networks_RH_Default_Temp,default,temporal,R,242.0,52.6164959102934,44725.0,-6.283019370443563e-06,Q22,27.07,27.08170212765957,0.1410106247760163,47
372,7Networks_RH_Default_Temp_6,7networks_rh_default_temp,7Networks_RH_Default_Temp,default,temporal,R,181.0,27.20085675789012,74911.0,-6.283019370443563e-06,Q22,27.07,27.08170212765957,0.1410106247760163,47
373,7Networks_RH_Default_Temp_7,7networks_rh_default_temp,7Networks_RH_Default_Temp,default,temporal,R,227.0,44.44981772371276,97462.0,-6.283019370443563e-06,Q22,27.07,27.08170212765957,0.1410106247760163,47
374,7Networks_RH_Default_Temp_8,7networks_rh_default_temp,7Networks_RH_Default_Temp,default,temporal,R,188.0,29.373814445886342,151411.0,-6.283019370443563e-06,Q22,27.07,27.08170212765957,0.1410106247760163,47
375,7Networks_RH_Default_PFCv_1,7networks_rh_default_pfcv,7Networks_RH_Default_PFCv,default,ventral prefrontal cortex,R,261.0,52.344419424074665,42738.0,-6.283019370443563e-06,Q22,27.07,27.08170212765957,0.1410106247760163,47
376,7Networks_RH_Default_PFCv_2,7networks_rh_default_pfcv,7Networks_RH_Default_PFCv,default,ventral prefrontal cortex,R,290.0,64.33190960784238,20564.0,-6.283019370443563e-06,Q22,27.07,27.08170212765957,0.1410106247760163,47
377,7Networks_RH_Default_PFCv_3,7networks_rh_default_pfcv,7Networks_RH_Default_PFCv,default,ventral prefrontal cortex,R,229.0,40.00656823937057,161168.0,-6.283019370443563e-06,Q22,27.07,27.08170212765957,0.1410106247760163,47
378,7Networks_RH_Default_PFCv_4,7networks_rh_default_pfcv,7Networks_RH_Default_PFCv,default,ventral prefrontal cortex,R,224.0,37.24395925998231,102577.0,-6.283019370443563e-06,Q22,27.07,27.08170212765957,0.1410106247760163,47
379,7Networks_RH_Default_PFCdPFCm_1,7networks_rh_default_pfcdpfcm,7Networks_RH_Default_PFCdPFCm,default,dorsal prefrontal cortex medial prefrontal cortex,R,303.0,76.62587557261219,26343.0,-6.283019370443563e-06,Q22,27.07,27.08170212765957,0.1410106247760163,47
380,7Networks_RH_Default_PFCdPFCm_2,7networks_rh_default_pfcdpfcm,7Networks_RH_Default_PFCdPFCm,default,dorsal prefrontal cortex medial prefrontal cortex,R,220.0,41.896586960504855,70632.0,-6.283019370443563e-06,Q22,27.07,27.08170212765957,0.1410106247760163,47
381,7Networks_RH_Default_PFCdPFCm_3,7networks_rh_default_pfcdpfcm,7Networks_RH_Default_PFCdPFCm,default,dorsal prefrontal cortex medial prefrontal cortex,R,245.0,44.43452448731807,111781.0,-6.283019370443563e-06,Q22,27.07,27.08170212765957,0.1410106247760163,47
382,7Networks_RH_Default_PFCdPFCm_4,7networks_rh_default_pfcdpfcm,7Networks_RH_Default_PFCdPFCm,default,dorsal prefrontal cortex medial prefrontal cortex,R,279.0,63.67472721896555,62335.0,-6.283019370443563e-06,Q22,27.07,27.08170212765957,0.1410106247760163,47
383,7Networks_RH_Default_PFCdPFCm_5,7networks_rh_default_pfcdpfcm,7Networks_RH_Default_PFCdPFCm,default,dorsal prefrontal cortex medial prefrontal cortex,R,121.0,1.1550381801522889,180691.0,-6.283019370443563e-06,Q22,27.07,27.08170212765957,0.1410106247760163,47
384,7Networks_RH_Default_PFCdPFCm_6,7networks_rh_default_pfcdpfcm,7Networks_RH_Default_PFCdPFCm,default,dorsal prefrontal cortex medial prefrontal cortex,R,155.0,16.47308831315546,133553.0,-6.283019370443563e-06,Q22,27.07,27.08170212765957,0.1410106247760163,47
385,7Networks_RH_Default_PFCdPFCm_7,7networks_rh_default_pfcdpfcm,7Networks_RH_Default_PFCdPFCm,default,dorsal prefrontal cortex medial prefrontal cortex,R,271.0,57.24150774889007,84665.0,-6.283019370443563e-06,Q22,27.07,27.08170212765957,0.1410106247760163,47
386,7Networks_RH_Default_PFCdPFCm_8,7networks_rh_default_pfcdpfcm,7Networks_RH_Default_PFCdPFCm,default,dorsal prefrontal cortex medial prefrontal cortex,R,243.0,50.44548039384914,47907.0,-6.283019370443563e-06,Q22,27.07,27.08170212765957,0.1410106247760163,47
387,7Networks_RH_Default_PFCdPFCm_9,7networks_rh_default_pfcdpfcm,7Networks_RH_Default_PFCdPFCm,default,dorsal prefrontal cortex medial prefrontal cortex,R,246.0,49.88021251129956,150488.0,-6.283019370443563e-06,Q22,27.07,27.08170212765957,0.1410106247760163,47
388,7Networks_RH_Default_PFCdPFCm_10,7networks_rh_default_pfcdpfcm,7Networks_RH_Default_PFCdPFCm,default,dorsal prefrontal cortex medial prefrontal cortex,R,256.0,56.23427871252367,22192.0,-6.283019370443563e-06,Q22,27.07,27.08170212765957,0.1410106247760163,47
389,7Networks_RH_Default_PFCdPFCm_11,7networks_rh_default_pfcdpfcm,7Networks_RH_Default_PFCdPFCm,default,dorsal prefrontal cortex medial prefrontal cortex,R,204.0,34.51065566345944,99532.0,-6.283019370443563e-06,Q22,27.07,27.08170212765957,0.1410106247760163,47
390,7Networks_RH_Default_PFCdPFCm_12,7networks_rh_default_pfcdpfcm,7Networks_RH_Default_PFCdPFCm,default,dorsal prefrontal cortex medial prefrontal cortex,R,247.0,50.19344544883024,53235.0,-6.283019370443563e-06,Q22,27.07,27.08170212765957,0.1410106247760163,47
391,7Networks_RH_Default_PFCdPFCm_13,7networks_rh_default_pfcdpfcm,7Networks_RH_Default_PFCdPFCm,default,dorsal prefrontal cortex medial prefrontal cortex,R,205.0,34.345854926278555,176214.0,-6.283019370443563e-06,Q22,27.07,27.08170212765957,0.1410106247760163,47
392,7Networks_RH_Default_pCunPCC_1,7networks_rh_default_pcunpcc,7Networks_RH_Default_pCunPCC,default,precuneus posterior cingulate cortex,R,250.0,51.243455310152584,85230.0,-6.283019370443563e-06,Q22,27.07,27.08170212765957,0.1410106247760163,47
393,7Networks_RH_Default_pCunPCC_2,7networks_rh_default_pcunpcc,7Networks_RH_Default_pCunPCC,default,precuneus posterior cingulate cortex,R,280.0,67.4002230970832,15751.0,-6.283019370443563e-06,Q22,27.07,27.08170212765957,0.1410106247760163,47
394,7Networks_RH_Default_pCunPCC_3,7networks_rh_default_pcunpcc,7Networks_RH_Default_pCunPCC,default,precuneus posterior cingulate cortex,R,190.0,34.687920520047335,85388.0,-6.283019370443563e-06,Q22,27.07,27.08170212765957,0.1410106247760163,47
395,7Networks_RH_Default_pCunPCC_4,7networks_rh_default_pcunpcc,7Networks_RH_Default_pCunPCC,default,precuneus posterior cingulate cortex,R,287.0,65.02269539514009,24810.0,-6.283019370443563e-06,Q22,27.07,27.08170212765957,0.1410106247760163,47
396,7Networks_RH_Default_pCunPCC_5,7networks_rh_default_pcunpcc,7Networks_RH_Default_pCunPCC,default,precuneus posterior cingulate cortex,R,263.0,56.818216326900355,16573.0,-6.283019370443563e-06,Q22,27.07,27.08170212765957,0.1410106247760163,47
397,7Networks_RH_Default_pCunPCC_6,7networks_rh_default_pcunpcc,7Networks_RH_Default_pCunPCC,default,precuneus posterior cingulate cortex,R,283.0,62.76742653671654,40257.0,-6.283019370443563e-06,Q22,27.07,27.08170212765957,0.1410106247760163,47
398,7Networks_RH_Default_pCunPCC_7,7networks_rh_default_pcunpcc,7Networks_RH_Default_pCunPCC,default,precuneus posterior cingulate cortex,R,335.0,86.22750794826688,0.0,-6.283019370443563e-06,Q22,27.07,27.08170212765957,0.1410106247760163,47
399,7Networks_RH_Default_pCunPCC_8,7networks_rh_default_pcunpcc,7Networks_RH_Default_pCunPCC,default,precuneus posterior cingulate cortex,R,305.0,72.92178629474962,154835.0,-6.283019370443563e-06,Q22,27.07,27.08170212765957,0.1410106247760163,47
400,7Networks_RH_Default_pCunPCC_9,7networks_rh_default_pcunpcc,7Networks_RH_Default_pCunPCC,default,precuneus posterior cingulate cortex,R,294.0,65.46211121854962,24780.0,-6.283019370443563e-06,Q22,27.07,27.08170212765957,0.1410106247760163,47
401,HIP-head-m1-rh,HIP-head-m1,"Hippocampus head, medial division",subcortex,Hippocampus head,R,213.0,42.57631948418167,156786.0,-6.283019370443563e-06,Q22,27.07,27.08170212765957,0.1410106247760163,47
402,HIP-head-m2-rh,HIP-head-m2,"Hippocampus head, medial division",subcortex,Hippocampus head,R,274.0,59.95185741047799,44267.0,-6.283019370443563e-06,Q22,27.07,27.08170212765957,0.1410106247760163,47
403,THA-VAip-rh,THA-VAip,"Thalamus, inferior ventro-anterior part, posterior division",subcortex,Thalamus,R,206.0,46.89346582842659,98976.0,-6.283019370443563e-06,Q22,27.07,27.08170212765957,0.1410106247760163,47
404,THA-VAia-rh,THA-VAia,"Thalamus, inferior ventro-anterior part, anterior division",subcortex,Thalamus,R,207.0,42.50483090662075,146420.0,-6.283019370443563e-06,Q22,27.07,27.08170212765957,0.1410106247760163,47
405,HIP-head-l-rh,HIP-head-l,"Hippocampus head, lateral division",subcortex,Hippocampus head,R,179.0,29.615296134234132,116551.0,-6.283019370443563e-06,Q22,27.07,27.08170212765957,0.1410106247760163,47
406,HIP-body-rh,HIP-body,Hippocampus body,subcortex,Hippocampus body,R,229.0,45.66734957653146,85741.0,-6.283019370443563e-06,Q22,27.07,27.08170212765957,0.1410106247760163,47
407,HIP-tail-rh,HIP-tail,Hippocampus tail,subcortex,Hippocampus tail,R,154.0,21.29537114837271,133918.0,-6.283019370443563e-06,Q22,27.07,27.08170212765957,0.1410106247760163,47
408,THA-VPm-rh,THA-VPm,"Thalamus, medial ventro-posterior part",subcortex,Thalamus,R,239.0,51.90243222337957,88021.0,-6.283019370443563e-06,Q22,27.07,27.08170212765957,0.1410106247760163,47
409,THA-VPl-rh,THA-VPl,"Thalamus, lateral ventro-posterior part",subcortex,Thalamus,R,213.0,41.964461398203454,199384.0,-6.283019370443563e-06,Q22,27.07,27.08170212765957,0.1410106247760163,47
410,THA-VAs-rh,THA-VAs,"Thalamus, superior ventro-anterior part",subcortex,Thalamus,R,162.0,29.070787336806937,118893.0,-6.283019370443563e-06,Q22,27.07,27.08170212765957,0.1410106247760163,47
411,THA-DAm-rh,THA-DAm,"Thalamus, medial dorso-anterior part",subcortex,Thalamus,R,232.0,49.62962418394507,169048.0,-6.283019370443563e-06,Q22,27.07,27.08170212765957,0.1410106247760163,47
412,THA-DAl-rh,THA-DAl,"Thalamus, lateral dorso-anterior part",subcortex,Thalamus,R,214.0,42.72073388224022,174616.0,-6.283019370443563e-06,Q22,27.07,27.08170212765957,0.1410106247760163,47
413,PUT-VA-rh,PUT-VA,"Putamen, ventro-anterior part",subcortex,Putamen,R,256.0,57.04292678196609,28822.0,-6.283019370443563e-06,Q22,27.07,27.08170212765957,0.1410106247760163,47
414,PUT-DA-rh,PUT-DA,"Putamen, dorso-anterior part",subcortex,Putamen,R,227.0,46.337317920514934,70799.0,-6.283019370443563e-06,Q22,27.07,27.08170212765957,0.1410106247760163,47
415,PUT-VP-rh,PUT-VP,"Putamen, ventro-posterior part",subcortex,Putamen,R,160.0,22.180912038270854,108407.0,-6.283019370443563e-06,Q22,27.07,27.08170212765957,0.1410106247760163,47
416,PUT-DP-rh,PUT-DP,"Putamen, dorso-posterior part",subcortex,Putamen,R,188.0,35.02493229901877,62752.0,-6.283019370443563e-06,Q22,27.07,27.08170212765957,0.1410106247760163,47
417,CAU-VA-rh,CAU-VA,"Caudate, ventro-anterior part",subcortex,Caudate,R,88.0,-9.905892671275835,193242.0,-6.283019370443563e-06,Q22,27.07,27.08170212765957,0.1410106247760163,47
418,CAU-DA-rh,CAU-DA,"Caudate, dorso-anterior part",subcortex,Caudate,R,112.0,-6.161809144238711,179735.0,-6.283019370443563e-06,Q22,27.07,27.08170212765957,0.1410106247760163,47
419,CAU-body-rh,CAU-body,Caudate body,subcortex,Caudate body,R,77.0,-22.484191380904573,191531.0,-6.283019370443563e-06,Q22,27.07,27.08170212765957,0.1410106247760163,47
420,CAU-tail-rh,CAU-tail,Caudate tail,subcortex,Caudate tail,R,92.0,-18.171439069663098,191202.0,-6.283019370443563e-06,Q22,27.07,27.08170212765957,0.1410106247760163,47
421,lAMY-rh,lAMY,"Amygdala, lateral nucleus",subcortex,Amygdala,R,248.0,58.03781100136341,48785.0,-6.283019370443563e-06,Q22,27.07,27.08170212765957,0.1410106247760163,47
422,mAMY-rh,mAMY,"Amygdala, medial nucleus",subcortex,Amygdala,R,245.0,55.57824917205108,42135.0,-6.283019370443563e-06,Q22,27.07,27.08170212765957,0.1410106247760163,47
423,THA-DP-rh,THA-DP,"Thalamus, dorso-posterior part",subcortex,Thalamus,R,235.0,51.63267309515096,99207.0,-6.283019370443563e-06,Q22,27.07,27.08170212765957,0.1410106247760163,47
424,NAc-shell-rh,NAc-shell,"Nucleus Accumbens, shell",subcortex,Nucleus Accumbens,R,232.0,46.756847639491724,61257.0,-6.283019370443563e-06,Q22,27.07,27.08170212765957,0.1410106247760163,47
425,NAc-core-rh,NAc-core,"Nucleus Accumbens, core",subcortex,Nucleus Accumbens,R,172.0,22.54917410103765,193082.0,-6.283019370443563e-06,Q22,27.07,27.08170212765957,0.1410106247760163,47
426,pGP-rh,pGP,"Pallidum, posterior part",subcortex,Pallidum,R,101.0,-4.430749282248817,157194.0,-6.283019370443563e-06,Q22,27.07,27.08170212765957,0.1410106247760163,47
427,aGP-rh,aGP,"Pallidum, anterior part",subcortex,Pallidum,R,106.0,-5.844340144635602,180356.0,-6.283019370443563e-06,Q22,27.07,27.08170212765957,0.1410106247760163,47
428,HIP-head-m1-lh,HIP-head-m1,"Hippocampus head, medial division",subcortex,Hippocampus head,L,213.0,43.73887413080152,107254.0,-6.283019370443563e-06,Q22,27.07,27.08170212765957,0.1410106247760163,47
429,HIP-head-m2-lh,HIP-head-m2,"Hippocampus head, medial division",subcortex,Hippocampus head,L,220.0,45.76819632537045,112238.0,-6.283019370443563e-06,Q22,27.07,27.08170212765957,0.1410106247760163,47
430,THA-VAip-lh,THA-VAip,"Thalamus, inferior ventro-anterior part, posterior division",subcortex,Thalamus,L,236.0,51.351157432507215,75338.0,-6.283019370443563e-06,Q22,27.07,27.08170212765957,0.1410106247760163,47
431,THA-VAia-lh,THA-VAia,"Thalamus, inferior ventro-anterior part, anterior division",subcortex,Thalamus,L,212.0,41.67336275502791,62019.0,-6.283019370443563e-06,Q22,27.07,27.08170212765957,0.1410106247760163,47
432,HIP-head-l-lh,HIP-head-l,"Hippocampus head, lateral division",subcortex,Hippocampus head,L,230.0,49.654886872098885,50056.0,-6.283019370443563e-06,Q22,27.07,27.08170212765957,0.1410106247760163,47
433,HIP-body-lh,HIP-body,Hippocampus body,subcortex,Hippocampus body,L,150.0,13.911595052481065,147314.0,-6.283019370443563e-06,Q22,27.07,27.08170212765957,0.1410106247760163,47
434,HIP-tail-lh,HIP-tail,Hippocampus tail,subcortex,Hippocampus tail,L,164.0,15.016018204786707,159402.0,-6.283019370443563e-06,Q22,27.07,27.08170212765957,0.1410106247760163,47
435,THA-VPm-lh,THA-VPm,"Thalamus, medial ventro-posterior part",subcortex,Thalamus,L,278.0,63.5273425711356,21714.0,-6.283019370443563e-06,Q22,27.07,27.08170212765957,0.1410106247760163,47
436,THA-VPl-lh,THA-VPl,"Thalamus, lateral ventro-posterior part",subcortex,Thalamus,L,255.0,54.80374188004112,37739.0,-6.283019370443563e-06,Q22,27.07,27.08170212765957,0.1410106247760163,47
437,THA-VAs-lh,THA-VAs,"Thalamus, superior ventro-anterior part",subcortex,Thalamus,L,174.0,29.3089188980774,150302.0,-6.283019370443563e-06,Q22,27.07,27.08170212765957,0.1410106247760163,47
438,THA-DAm-lh,THA-DAm,"Thalamus, medial dorso-anterior part",subcortex,Thalamus,L,285.0,69.23370332886088,12535.0,-6.283019370443563e-06,Q22,27.07,27.08170212765957,0.1410106247760163,47
439,THA-DAl-lh,THA-DAl,"Thalamus, lateral dorso-anterior part",subcortex,Thalamus,L,236.0,45.86654419770099,95235.0,-6.283019370443563e-06,Q22,27.07,27.08170212765957,0.1410106247760163,47
440,PUT-VA-lh,PUT-VA,"Putamen, ventro-anterior part",subcortex,Putamen,L,238.0,46.90290625109542,154845.0,-6.283019370443563e-06,Q22,27.07,27.08170212765957,0.1410106247760163,47
441,PUT-DA-lh,PUT-DA,"Putamen, dorso-anterior part",subcortex,Putamen,L,231.0,48.23982341673738,129081.0,-6.283019370443563e-06,Q22,27.07,27.08170212765957,0.1410106247760163,47
442,PUT-VP-lh,PUT-VP,"Putamen, ventro-posterior part",subcortex,Putamen,L,198.0,34.557293900090436,162401.0,-6.283019370443563e-06,Q22,27.07,27.08170212765957,0.1410106247760163,47
443,PUT-DP-lh,PUT-DP,"Putamen, dorso-posterior part",subcortex,Putamen,L,175.0,26.87749881228839,162928.0,-6.283019370443563e-06,Q22,27.07,27.08170212765957,0.1410106247760163,47
444,CAU-VA-lh,CAU-VA,"Caudate, ventro-anterior part",subcortex,Caudate,L,135.0,8.89195447475477,147413.0,-6.283019370443563e-06,Q22,27.07,27.08170212765957,0.1410106247760163,47
445,CAU-DA-lh,CAU-DA,"Caudate, dorso-anterior part",subcortex,Caudate,L,118.0,1.2983939042135946,190390.0,-6.283019370443563e-06,Q22,27.07,27.08170212765957,0.1410106247760163,47
446,CAU-body-lh,CAU-body,Caudate body,subcortex,Caudate body,L,120.0,1.0885656402887494,193825.0,-6.283019370443563e-06,Q22,27.07,27.08170212765957,0.1410106247760163,47
447,CAU-tail-lh,CAU-tail,Caudate tail,subcortex,Caudate tail,L,121.0,5.316579466696832,137642.0,-6.283019370443563e-06,Q22,27.07,27.08170212765957,0.1410106247760163,47
448,lAMY-lh,lAMY,"Amygdala, lateral nucleus",subcortex,Amygdala,L,300.0,74.308800205407,4362.0,-6.283019370443563e-06,Q22,27.07,27.08170212765957,0.1410106247760163,47
449,mAMY-lh,mAMY,"Amygdala, medial nucleus",subcortex,Amygdala,L,292.0,73.39052795195437,7682.0,-6.283019370443563e-06,Q22,27.07,27.08170212765957,0.1410106247760163,47
450,THA-DP-lh,THA-DP,"Thalamus, dorso-posterior part",subcortex,Thalamus,L,287.0,70.17140596966561,1743.0,-6.283019370443563e-06,Q22,27.07,27.08170212765957,0.1410106247760163,47
451,NAc-shell-lh,NAc-shell,"Nucleus Accumbens, shell",subcortex,Nucleus Accumbens,L,230.0,44.921174301187655,154041.0,-6.283019370443563e-06,Q22,27.07,27.08170212765957,0.1410106247760163,47
452,NAc-core-lh,NAc-core,"Nucleus Accumbens, core",subcortex,Nucleus Accumbens,L,152.0,17.250196943938867,189490.0,-6.283019370443563e-06,Q22,27.07,27.08170212765957,0.1410106247760163,47
453,pGP-lh,pGP,"Pallidum, posterior part",subcortex,Pallidum,L,143.0,10.078836072467947,198651.0,-6.283019370443563e-06,Q22,27.07,27.08170212765957,0.1410106247760163,47
454,aGP-lh,aGP,"Pallidum, anterior part",subcortex,Pallidum,L,115.0,0.6554915715669042,133028.0,-6.283019370443563e-06,Q22,27.07,27.08170212765957,0.1410106247760163,47
